Created At,Screen Name,Tweet Text
Sun Oct 06 02:10:17 +0000 2024,Hayama_Fuka,本日19:00〜リンクラ生放送🪷✨  ラブライブ！大会開幕だぁぁ！  せーのでparty！！ 🧡💚🩵💙❤️💛🩷🤍💜  ぜひご覧ください♪  #蓮ノ空　#リンクラ
Mon Sep 09 05:59:50 +0000 2024,Hayama_Fuka,櫻井の陽菜氏、夢では会えませんでしたが、現実で会いました。  ちゅきぴ
Sun Jul 21 06:31:48 +0000 2024,Hayama_Fuka,Believer生で聴けた人羨ましい…
Sun Jul 21 09:02:34 +0000 2024,Hayama_Fuka,コシヒカリ「ﾝｱ?」
Fri Oct 18 03:46:18 +0000 2024,Hayama_Fuka,📻 https://t.co/nAA5Azzm7b
Thu Dec 12 00:13:34 +0000 2024,Hayama_Fuka,本日20:30〜With×MEETS🪷  DOLLCHESTRA練習配信です！  ぜひご覧ください❤️💙💛  #With蓮ノ空　#リンクラ
Sat Nov 30 12:35:43 +0000 2024,Hayama_Fuka,ちょっっっっと待って  今言っても遅いんですけど「19:00〜」なのに19:30からって書いてます………  これを頼りに19:30に待機されてた方申し訳ございません。  本日19:00〜で、現在アーカイブがございます🙇  #はやラキ
Sat Sep 21 04:45:14 +0000 2024,Hayama_Fuka,本日20:30〜With×MEETS🪷✨  さやラジに小鈴ちゃんがゲストで出演です💙💛  ぜひご覧ください！！  #With蓮ノ空　#リンクラ
Sat Sep 28 13:02:06 +0000 2024,Hayama_Fuka,こんばんは  暑かったり寒かったり  ぼくの毛もゴワゴワしてきたよ  それじゃ、おやすみー  ［いかめし］  #はやまぬい家族にっき
Thu Jul 25 07:25:42 +0000 2024,Hayama_Fuka,声優グランプリにて掲載していただいた際に描いていた絵です✏️  ゴンザレス師匠がそれぞれの髪型にヘアアレンジ💇 https://t.co/17VjcmTlrk
Sat Nov 23 23:05:31 +0000 2024,Hayama_Fuka,3rd Live Tour TRY TRI UNITY!!! with DOLLCHESTRA 当日！！  現地の方はお気をつけてお越しください👣 配信、ライブビューイングの方も一緒に盛り上がろう♪  怪我しない、させない！思いやりの気持ちを持ってみんなで楽しい時間にしようね🐧⏰🦖  頑張るぞ〜ちぇすとーー！！  #蓮ノ空3rdドルケ
Fri Aug 23 04:14:25 +0000 2024,Hayama_Fuka,／ ☕️ ｶﾞﾗｶﾞﾗｶﾞﾗｶﾞﾗｶﾞﾗｶﾞﾗｶﾞﾗｶﾞﾗ 　＼  #MyGirl40 https://t.co/dCtN3jgZXn
Fri Dec 20 14:30:30 +0000 2024,Hayama_Fuka,#せーはす　更新されました🪷✨  1年生のオリジナルプレート！  お腹いっぱいになったよ  ぜひご覧ください！  ※お皿を作るわけではありません✌︎('ω'✌︎ )
Mon Oct 14 12:25:33 +0000 2024,Hayama_Fuka,ご覧いただきありがとうございました🪷✨  久しぶりの個人配信！ いかがでしたでしょうか？  たくさんコメントを読めて楽しそうな小鈴ちゃんの姿が見れて嬉しかったです☺️  #With蓮ノ空　#リンクラ
Mon Sep 23 15:43:48 +0000 2024,Hayama_Fuka,姫芽ちゃん🏆  お誕生日おめでとう！🎂 同期と話している時のゆるーりとした話し方、みらぱを前にした時の熱量ある話し方。  どちらもとっても可愛くて大好きだよ💜 これからも小鈴ちゃんをよろしくね〜！  #蓮ノ空
Sat Dec 21 00:17:41 +0000 2024,Hayama_Fuka,Live &amp; Fan Meeting TRY TRY UNITY!!! Day1🪷  現地にお越しの方はお気をつけてお越し下さい！ 配信でご覧の方は小鈴ちゃんと私が好きなラムネや飲むラムネの用意はいいですか〜？  ゆったりまったり素敵なファンミにしようね💫  徒町小鈴役　葉山風花🦖  #蓮ノ空ファンミDay1
Sat Dec 14 12:29:29 +0000 2024,Hayama_Fuka,#はやラキ　第七回ご視聴いただきありがとうございました🌱  これは今回ご紹介したンゴちゃんパペをDハロに連れていった動画です！💞🦩 いつかお話し出来るといいなぁ  (ひーと行った時だよ🐣) https://t.co/zNqCF7P62y
Wed Sep 18 05:08:39 +0000 2024,Hayama_Fuka,これはアイスティー🫖  ローブ、スリザリンを選んだ理由は姉から借りたホグワーツレガシーでスリザリンになったからです🐍  杖はスネイプ先生のを持ってるよ〜USJで買ったやつ🪄 https://t.co/94KO6w15FA
Sun Sep 08 05:12:15 +0000 2024,Hayama_Fuka,YouTubeチャンネルにて公開されたよ〜📻  みんな聴いてね！！！  #みらぱとドルケと公開録音
Sun Dec 22 00:39:07 +0000 2024,Hayama_Fuka,のんすけ🧡💛  ｶﾞｵｰ  ↓  …？？  #蓮ノ空ファンミDay1 https://t.co/9UTtGZy7Oe
Wed Sep 04 12:56:51 +0000 2024,Hayama_Fuka,リンクラ生放送ご覧いただきありがとうございました🪷✨  お便りもたくさん、いつもありがとうね！！  情報もたくさんあるからゆっくり自分のペースでチェックしてね〜！！  #蓮ノ空　#リンクラ生放送 https://t.co/ShaasGE0GV
Mon Jan 06 10:51:32 +0000 2025,Hayama_Fuka,お正月休みの間にポケモンヴァイオレットのエンドロールを見ることができました🔥  楽しかったです！  ｱｷﾞｬｽ
Tue Sep 03 03:08:34 +0000 2024,Hayama_Fuka,9月3日　火曜日  私の好きなショーの話。  ディズニーシーで開催されていた ミステリアス・マスカレードを観なさい (真顔)  #はやまぬい家族にっき　？
Sat Aug 24 10:18:44 +0000 2024,Hayama_Fuka,かわいいね〜🥰 今日いっぱい目合ったね〜🥰 #みらぱとドルケと公開録音 https://t.co/IOgfPG89Op
Sat Dec 07 10:49:06 +0000 2024,Hayama_Fuka,#はやラキ　第六回ご視聴ありがとうございました🌱  『強制労働』 －マリオネットアルバイト－
Fri Nov 08 12:02:57 +0000 2024,Hayama_Fuka,なんだかまだそんなに時間経ってないのに深掘り回が懐かしく感じたよ✌︎('ω')✌︎  #せーはす https://t.co/n4LBlHx3XK
Thu Oct 24 11:05:29 +0000 2024,Hayama_Fuka,おふとんってどうしてこんなに……  あったかくて… あたたかく……  …………  ［ピラフ］  #はやまぬい家族にっき
Sat Oct 19 08:56:09 +0000 2024,Hayama_Fuka,徒町小鈴　ソロカバー楽曲「ビビデバ」が追加されました👠  素敵な楽曲、大切に歌わせていただきました！  ぜひ習得してね〜☄️  #蓮ノ空　#リンクラ
Wed Sep 25 12:14:06 +0000 2024,Hayama_Fuka,お手紙・プレゼントを受け取りました🕊️  みんないつもありがとう🌱(←この絵文字も付けてくれてありがとねっ)  私の好みとか知ってくれて、たくさんの想いが込められたお手紙やプレゼント。 本当に励みになります！  ↓続くよ〜
Sun Nov 17 03:31:32 +0000 2024,Hayama_Fuka,本日20:30〜With×MEETS🪷✨  　　　　　★綴理先輩★ ♥️お誕生日おめでとうございます♥️  ぜひご覧ください！  #With蓮ノ空　#リンクラ
Mon Jul 08 12:06:48 +0000 2024,Hayama_Fuka,With×MEETSご覧いただきありがとうございました🪷  小鈴ちゃんは初めてのセリフ読み！ みなさんどうでしたか？感想お待ちしております✨
Sat Nov 16 09:15:30 +0000 2024,Hayama_Fuka,#はやラキ　第三回まもなくです🌱  距離感縮めるためにタメ口で〜って生放送で言ってたけど、慣れてなくて自然と敬語出てます😐  変に意識してて初回より緊張気味で話してます……_(:3 」∠)_  温かく見守ってね……👀
Thu Oct 10 06:26:24 +0000 2024,Hayama_Fuka,「Take It Over(104期Ver.)」が追加されました！  習得してね〜！！  ⚡️⚡️⚡️  #蓮ノ空　#リンクラ
Mon Aug 26 05:46:21 +0000 2024,Hayama_Fuka,本日20:30〜With×MEETS🪷✨  サムネイルからすでに小鈴ちゃんの気合いを感じられますね☺️  ぜひご覧ください！  #With蓮ノ空　#リンクラ
Fri Oct 18 10:57:16 +0000 2024,Hayama_Fuka,番組公式アカウントが開設されました🌱  各コーナーの詳細が記載されておりますのでご確認ください☑️  メールの送り方が文化放送ホームページにあるみたい👀 テンプレ使って送ってみてね🕊️↓  https://t.co/hrKr3goUpZ  #はやラキ
Sat Nov 23 11:04:57 +0000 2024,Hayama_Fuka,#はやラキ　第四回ご視聴いただきありがとうございました🌱  新しいぬい家族パモさん！！ いかめしにほっぺすりすりしててよく感電してます💡  たくさんのぬいに囲まれてぬくぬく幸せです…  ｽﾔｧ…………
Thu Sep 05 16:09:55 +0000 2024,Hayama_Fuka,9月5日　木よう日  ちょっとだけ夜風がすずしくなってきたね  そうでもない？  アイスがさむく感じる  いかめし  #はやまぬい家族にっき
Wed Jan 08 09:33:34 +0000 2025,Hayama_Fuka,超A&amp;G＋にて19:00〜 #はやラキ　第十一回放送です🌱  (QloveRは1/11 19:00〜)  ぜひご覧ください✨
Sat Dec 21 23:27:24 +0000 2024,Hayama_Fuka,Live &amp; Fan Meeting TRY TRY UNITY!!! Day2🪷  会場にお越しの方はお気をつけてお越し下さい！ 配信でご覧の方は会場の熱に負けないぐらいの気持ち、届ける準備できてるかー？！ 君の声ちゃんと届いてるからね🕺  今日も素敵なファンミにしようね💫  徒町小鈴役　葉山風花🦖  #蓮ノ空ファンミDay2
Sun Jul 21 06:09:25 +0000 2024,Hayama_Fuka,大切に大切に…！歌わせていただきました☀️  ぜひ習得してね🎤
Thu Oct 03 12:18:36 +0000 2024,Hayama_Fuka,ご覧いただきありがとうございました🪷✨  メンバーカラー決定だぁぁ🩵💛💜  小鈴ちゃんは「いちばん星色」！  104期メンバーカラーもよろしくお願いいたします！！  #With蓮ノ空　#リンクラ
Sat Jul 06 02:13:03 +0000 2024,Hayama_Fuka,髪伸びた〜🌼 ちょっと巻き取れてるけど、こういう髪型もどうでしょう？ https://t.co/Ag3CDwMxB2
Fri Sep 27 11:35:00 +0000 2024,Hayama_Fuka,せーはす！更新されました🪷✨  運動会……完結編…  ぜひご覧ください！！  #蓮ノ空　#せーはす
Tue Jul 09 09:31:40 +0000 2024,Hayama_Fuka,あと、ちょっとずつだけど #はやまぬい家族にっき　も更新できたらいいなと思ってるよ✏️  楽しみにしてくれてありがとう✨
Mon Oct 28 02:50:42 +0000 2024,Hayama_Fuka,本日20:00〜Fes×LIVEです🪷  ー　届け！　ー  #蓮ノ空　#リンクラ
Wed Nov 20 03:31:42 +0000 2024,Hayama_Fuka,\リンクラ1.5周年/ 　　おめでとうございます㊗️🎉  引き続きご声援のほどよろしくお願いいたします！  #リンクラハーフアニバ
Mon Jul 08 06:52:33 +0000 2024,Hayama_Fuka,本日20:30〜With×MEETSです🪷  ぜひご覧ください！  #With蓮ノ空 #リンクラ
Fri Aug 16 10:14:57 +0000 2024,Hayama_Fuka,8月16日　金よう日  お外に出られないから  お家でゆっくりまったり  ギガちゃんも海底のおしごとお休みだってさ  (海底って文字、ふうかにおしえてもらったよ)  いかめし  #はやまぬい家族にっき
Mon Nov 25 04:31:54 +0000 2024,Hayama_Fuka,余韻！！ とっっても楽しいライブだったぁぁ😢  常に先輩4人が背中を押してくれていて、私も小鈴ちゃんも前よりもリラックスしてパフォーマンスに集中できました✨  今回でまた新たな課題を発見できたので またパワーアップできるように頑張ります💪  (あの日当たったペカ町を添えて………) https://t.co/2yZgaeC7Yg
Sun Oct 27 04:59:57 +0000 2024,Hayama_Fuka,金沢での一枚  しあわせおすそわけ  ［はやま］  #はやまぬい家族にっき https://t.co/25BkFcblgp
Fri Nov 08 11:11:01 +0000 2024,Hayama_Fuka,#せーはす　更新されました🪷✨  葉山のターンｯｯ！！！ドローｯｯ！！  ぜひご覧ください！
Fri Jul 05 11:06:18 +0000 2024,Hayama_Fuka,せーはす！更新されました🪷  DOLLCHESTRA回　後半です！  みなさま是非ご覧ください✨
Mon Nov 25 00:41:24 +0000 2024,Hayama_Fuka,大好きな曲を歌わせていただけるなんて…🪽  こちらにも想い込めております♥️ ぜひ習得してね！
Tue Jul 09 09:31:35 +0000 2024,Hayama_Fuka,こんばんは🌱  みなさんからのお手紙受け取りました🕊️  ライブの感想や、その後のみらぱラジオゲスト回の感想などたくさん書いてくださりありがとうございます🫶 ポストしてくれてた方、いつもちゃんと届いてるよ！  みんなも暑さには気をつけて過ごしてね〜！
Thu Jul 18 09:29:18 +0000 2024,Hayama_Fuka,7月18日　木よう日  このあいだカミナリがなってて  ずっとお外みてたよ  雨もいっぱいふってた  水たまりでおよげるかな？  いかめし  #はやまぬい家族にっき
Sat Jun 29 03:30:32 +0000 2024,Hayama_Fuka,せーはす観て健康診断行ってみなきゃ！と思いつつ、同時に親知らずもどのタイミングで抜けばいいのかっていう悩みも爆誕して困ってる(　˙-˙　)  (4本元気に成長してるらしい)  #せーはす
Wed Oct 23 09:01:40 +0000 2024,Hayama_Fuka,なんか、しらんやつおる  ［いかめし］  #はやまぬい家族にっき
Sat Aug 24 07:53:34 +0000 2024,Hayama_Fuka,蓮ノ空のこと好き好きクラブのみなさん！ 現地でも配信でもご参加いただきありがとうございました🪷✨ ぜひ感想をお聞かせください♪  直接まだ会えていない方にも会えるように、その機会を作るためにも引き続き頑張りたいと思います💪  本日はありがとうございました！  #みらぱとドルケと公開収録 https://t.co/VY667hXwmC
Tue Dec 17 08:41:19 +0000 2024,Hayama_Fuka,葉山に似合いそうなボーカロイド曲ありますー？  結構前にみんなから聞いた曲も練習してみてるよ☺︎  ニュアンスの練習で課題曲にしたいのでご協力ください！🎤
Thu Aug 15 12:11:52 +0000 2024,Hayama_Fuka,ご視聴ありがとうございました♪  みんなと合宿！ 聴いているこっちまで楽しくなれるわちゃわちゃラジオでしたね╰(*´︶`*)╯  活動記録も更新されました！ ぜひそちらもチェックしてくださいね☑️  #With蓮ノ空
Fri Sep 20 12:13:54 +0000 2024,Hayama_Fuka,せーはす！104更新されました🪷✨  運動会(回)part2！！  ぜひご覧ください❤️💙💛  #せーはす　#蓮ノ空
Wed Aug 21 06:08:56 +0000 2024,Hayama_Fuka,#はやまぬい家族にっき  ［番外編］  やっと行くことができたアレンデール❄️  大好きな作品なので、とても楽しかったし感動しました！  ネタバレを避けるためこの辺で…  夏限定アクアトピアも朝イチ乗って楽しみました🌻  ハロウィンも楽しみだね🎃 https://t.co/JjOK18INWD
Wed Aug 21 04:21:37 +0000 2024,Hayama_Fuka,定期的にお礼しようのコーナーです🌱  みなさんからのリプライやファンアートにいつも元気をもらってます☀️  (ファンアート、もしよかったらメンションして送ってね！観たい！必ず観るよ👀)  個別でいいねや返信はできないけど、心の中で全てに返信してるよ！ いつもたくさんの声援ありがとう🫶
Sat Oct 19 22:00:37 +0000 2024,Hayama_Fuka,ラブライブ！ダービー当日！！🪷  ご来場の皆様は足元には気をつけてお越しください⚽️  生の試合観戦も、イベント内容も全部楽しみだ♡  応援も力を抜かず、頑張ります💪 本日はよろしくお願いいたします！  徒町小鈴役　葉山風花🦖
Mon Dec 23 08:23:19 +0000 2024,Hayama_Fuka,#蓮ノ空ファンミDay1参加のみんなへ  みんな短い時間でお話しするっていう流れだったから、ちぇすとー！をする場を設けられずごめんね  その分、よかったらこのポストにみんなのちぇすとを残していってね💪
Mon Oct 21 04:12:12 +0000 2024,Hayama_Fuka,吟子ちゃんお誕生日おめでとう🎂🩵  優しさ、雅やかさ、可愛さ全開の吟子ちゃん！ これからもその素直で素敵な姿を応援させてね📣  素敵な一年になりますように💫   #百生吟子生誕祭2024
Thu Sep 19 01:32:26 +0000 2024,Hayama_Fuka,本日20:30〜With×MEETS🪷✨  「気品」を全力で学びます💪  ぜひご覧ください！！  #With蓮ノ空 #リンクラ
Fri Jul 26 03:25:06 +0000 2024,Hayama_Fuka,こんにちは🌱  ここでみんなが気になっていた 特技のマラソンについて…  学校行事であったマラソン大会で、帰宅部なのに一桁の順位で表彰された事を言っている…  持久走は一周1分〜1分30秒で走るようにしていた…  (´･Д･)」ここだけの話だよ
Tue Aug 06 04:53:04 +0000 2024,Hayama_Fuka,8月6日　火よう日  このあいだふうかがアイス2本たべてた  みちゃった……  ピラフ  #はやまぬい家族にっき
Fri Jun 28 04:13:20 +0000 2024,Hayama_Fuka,6月28日　金よう日  いかちゃんはピラフより先輩なので漢字書けちゃう   #はやまぬい家族にっき https://t.co/TWU7Yqs6HT
Sat Nov 16 11:45:45 +0000 2024,Hayama_Fuka,お疲れ様でした！🎙️🔋🏆 最高に笑顔で最高に楽しかったよ💕  次は…徒町たちの番！！ やりきるぞ〜！ちぇすとー！！
Fri Sep 13 15:20:03 +0000 2024,Hayama_Fuka,せーはす！104更新されました🪷✨  運動会(回)です。スポーツの秋です🍂  DOLLCHESTRAがぜってぇ勝ちます。  #せーはす
Thu Sep 19 12:20:26 +0000 2024,Hayama_Fuka,ご覧いただき誠にありがとうございました🪷  御三方はとても可愛らしく、凛とした佇まいで今後の活躍にとても期待ができます。  皆様、今後ともご声援のほどよろしくお願い申し上げます…………  #With蓮ノ空 #リンクラ
Sun Jul 21 08:27:13 +0000 2024,Hayama_Fuka,7月21日　日曜日  明日からまた1週間がんばろうね〜  はやま  #はやまぬい家族にっき https://t.co/h5EGw32SK7
Mon Dec 16 03:44:22 +0000 2024,Hayama_Fuka,こんはやー🌱  わたくし、ぶどう飴とかいちご飴とかが好きでして… 琥珀糖とかもパリパリで好きです （＾ν＾）  (104期で出かけた時のやつ 📸:ひー) https://t.co/KNHV0AwAVj
Mon Dec 02 12:08:56 +0000 2024,Hayama_Fuka,やっと載せれる〜🧡🩵  ちゅけはいつもガオーポーズ合わせてくれる🐰🦖  ひーはいつもにっこにこで近く来て撮ってくれる👘 https://t.co/g2zcsDIxXF
Sat Dec 07 13:17:50 +0000 2024,Hayama_Fuka,With×MEETSご覧いただきありがとうございました👘🦖🏆  104期生かわいいねぇ〜(´ω`) まだまだ絆を深めていって欲しい🥹  #蓮ノ空　#リンクラ
Mon Oct 07 08:40:20 +0000 2024,Hayama_Fuka,2m  (撮影協力:なすちゃん) https://t.co/jsojogUNzS
Mon Dec 02 03:13:23 +0000 2024,Hayama_Fuka,初めてのぬいも嬉しいし、いつものぬいもちゃんと覚えてるからね🌱 (リスナー＝はやま家のぬい)  たくさんのぬいからのお便り待ってます〜！！  #はやラキ
Mon Nov 25 05:25:34 +0000 2024,Hayama_Fuka,小分けにすみません🙇  今回もフラスタを出して下さったみなさま、ありがとうございました💐 全てしっかり見ております！  ありがたいことに個人宛のものも増えていて、少しでもあなたの心に寄り添えていたのかな？なんて…  引き続き葉山風花をよろしくお願いいたします🕊️
Wed Jul 24 12:10:16 +0000 2024,Hayama_Fuka,こんばんは🌱  2〜4リングのバインダーとそれ専用のノートを探しています🗒️ 自分の足で行けるお店では良いのが見つからず…  大きさは小さいやつ！さっとメモ取る時ぐらいの大きさって言えば伝わる…？  コラージュをしたくて至急探しております！！  おすすめして欲しいです（ ;  ; ）
Thu Oct 31 12:19:13 +0000 2024,Hayama_Fuka,ご覧いただきありがとうございました🪷  Fes×LIVEのコメントやハッシュタグの感想で、『どうなっちゃう？わー！わー！わー！』という感じで盛り上がってましたね♪(´ε｀ )  これからもご声援のほどよろしくお願いいたします！  #With蓮ノ空　#リンクラ
Thu Oct 17 13:09:00 +0000 2024,Hayama_Fuka,詳細はこちらをご覧ください！！↓ https://t.co/hBWqHZ2nIP
Sat Dec 21 14:09:25 +0000 2024,Hayama_Fuka,#はやラキ　第八回ご視聴いただきありがとうございました🌱  関西人やからってボケとツッコミが完璧やと思うな！！！！！！！！！！！！！  基本葉山はツッコミ担当でやらせてもろてます  ﾑｯ(O_O) https://t.co/qLPs5ANmyp
Sat Nov 02 03:56:58 +0000 2024,Hayama_Fuka,"#はやラキ　アカウントフォロワー1,000人超えてる？！✨  このまま伸び伸び行って欲しいところ🌱  今日はついに第一回目の放送日だよ！ (QloveRでの放送です☺︎)  みんな観てね〜！"
Sat Jul 27 12:03:49 +0000 2024,Hayama_Fuka,本日のWith×MEETSもありがとうございました🦖🏆👘  みなさんはこの夏、体調には気をつけてお過ごしくださいね〜☀️  #With蓮ノ空
Tue Oct 01 06:25:24 +0000 2024,Hayama_Fuka,ふうかがディズニーへ行きたいと嘆いている……  その気持ちを引きずったままエピックミッキーをやってた…🖌️  なんか可哀想  ［ギガ］  エピックミッキー、ゲーム内でコンセプトアート見られるのめっちゃ良い😭最高  ［ふうか］  #はやまぬい家族にっき
Fri Dec 13 08:29:12 +0000 2024,Hayama_Fuka,はぁぁぁ！！けろっぴぃぃぃぃぃ！！ 大好きな小鈴と大好きなけろっぴのコラボは私的にとてもとても最高でぇぇぇぇ！！！！  蓮ノ空のこと好き好きクラブのみなさんもチェックしてね〜☑️  #蓮ノ空
Fri Dec 13 11:05:36 +0000 2024,Hayama_Fuka,#せーはす　1年生お料理回です🫕  さてどんな結末が待っているのか…… ﾄﾞｷﾄﾞｷ  ちなみに最近自炊サボってます(　˙-˙　)
Fri Dec 06 04:03:04 +0000 2024,Hayama_Fuka,ご覧いただきありがとうございました🪷  「発見💡どうぶつ公園」 ドット絵はもちろん、登場人物などの名称が面白くて観ていてとっても楽しかったです！🐱  お気に入りはカルガモ、博士、のり弁  (プレイ中の画面にもカイロくん居たね！みんな見つけられたかな？)  #With蓮ノ空 #リンクラ
Fri Oct 11 09:46:47 +0000 2024,Hayama_Fuka,#せーはす　更新されました🪷✨  チームワーク力チェックPart2！  ぜひご覧ください！
Sat Sep 07 03:08:14 +0000 2024,Hayama_Fuka,#せーはす  ついんてだたよ  ハンドボール投げ一位🥇嬉しい https://t.co/r6U9jE0aA5
Mon Oct 28 12:43:09 +0000 2024,Hayama_Fuka,ミライ　いま笑顔でがんばってる みんなもがんばってる  #蓮ノ空　#lovelive
Thu Oct 10 09:00:01 +0000 2024,Hayama_Fuka,さむいさむいさむい  ガチャガチャのカプセルの方があったかいんだけど  ［ツチノコ］  #はやまぬい家族にっき
Fri Aug 30 07:39:28 +0000 2024,Hayama_Fuka,DOLLCHESTRAの新曲 「Proof」がスクステに実装されます🪷  小鈴ちゃんの想いみなさんにも届いていると良いな🎞️  #蓮ノ空　#リンクラ
Sat Nov 02 10:34:45 +0000 2024,Hayama_Fuka,ご覧いただきありがとうございました🌱  いや、歌いながらは難しいんよ＿|￣|○  じゃあみんなが描いてよｯｯｯ！！！！！  ↓あとこれ🐏  #はやラキ https://t.co/9CcW2y5ryJ
Sat Nov 30 10:30:05 +0000 2024,Hayama_Fuka,焼肉食べたの数年前とか言ってるけど  思い返せばそんなに経ってなかった  それぐらいこの約一年濃かった  あとラムネ飲んだよ(^○^)  #はやラキ
Sat Aug 17 07:26:33 +0000 2024,Hayama_Fuka,My Girl vol.40に掲載していただいております✨  オフショットこちら💁  お天気も良くて、とても楽しい撮影でした📸  ぜひ本誌もチェックしてみてね☑️ https://t.co/hTypxBMZNw https://t.co/5vB1TChIYy
Thu Dec 05 01:32:22 +0000 2024,Hayama_Fuka,With×MEETS『ゲーム実況回🎮』  カイロソフトさんだぁぁぁぁ😭  カイロくん可愛いよね🟨📡(カイロソフト公式マスコットキャラ)  ぜひご覧ください！！
Thu Nov 07 10:38:15 +0000 2024,Hayama_Fuka,#はやまぬい家族にっき https://t.co/Luu9t7oyrL
Wed Jul 31 13:26:21 +0000 2024,kurusurindesu,#Fes蓮ノ空TSFライブ 姫芽ちゃんにとって２回目のFes×Live、大切なステージを大好きなみらくらぱーく！として楽しい全開幸せ全開でやりきる姿、眩しかった！  そして吟子ちゃんが一生懸命仕立ててくれたお衣装がとっても素敵👗 繋がっていくことって素敵だなあと思いました。 お疲れ様〜！！！！ https://t.co/hgwhjWHCDj
Mon Jul 22 12:54:43 +0000 2024,kurusurindesu,🦖🎮 #With蓮ノ空 https://t.co/Pq85cYe2py
Fri Sep 27 04:36:53 +0000 2024,kurusurindesu,少しずつ身体動かし始めたよ〜〜〜！！！！踊れるって楽しい！！
Fri Oct 11 12:06:27 +0000 2024,kurusurindesu,デバイス同じの買うー！って言ってくれてる方、写ってるマウスはこれサブPCのマウスで、メインはASUSの使ってるよ  次小さめ軽めでいいの探してるのでオススメあったら教えてください🐭
Mon Sep 02 12:23:37 +0000 2024,kurusurindesu,#With蓮ノ空 ルリちゃんお誕生日おめでとう～～～～～～🎂✨ https://t.co/ljLQjpifek
Mon Aug 19 16:23:37 +0000 2024,kurusurindesu,こなお誕生日おめでとう🎂 初めてお誕生日をお祝いしますね！！  一緒にいると笑ってばっかりでほんと毎日楽しくしてくれてありがとう！！！ こなが笑顔でいっぱいな1年にしようね、いつもありがとう〜
Tue Dec 24 12:14:14 +0000 2024,kurusurindesu,長いねん余韻が
Tue Nov 12 02:09:36 +0000 2024,kurusurindesu,ようやく解放されるんだあの恐怖の足音が夢に出てくる毎日から……
Fri Jan 10 00:11:36 +0000 2025,kurusurindesu,ラブライブ！蓮ノ空女学院スクールアイドルクラブ 3rd Live Tour TRI TRI UNITY!!! in横浜アリーナDay1 いよいよ本日！  姫芽ちゃんがいつも教えてくれる、最高の楽しいを皆さんと共有して全身で味わい尽くせる日🏆  対戦よろしく願いします！！！
Thu Jul 04 09:32:16 +0000 2024,kurusurindesu,https://t.co/St81s42jIQ
Sun Dec 01 09:27:40 +0000 2024,kurusurindesu,さーーーーーーてさてさてさて！！！
Sun Jul 28 12:37:30 +0000 2024,kurusurindesu,#リンクラ生放送 ご参加ありがとうございました〜〜 お知らせたくさんお笑いたくさんで楽しかった^_ ̫ _^ https://t.co/eotnoKpNiz
Tue Aug 13 12:21:47 +0000 2024,kurusurindesu,🐈‍⬛5億年ぶりのプール！ https://t.co/Fe4jIJBsi2
Mon Sep 09 08:13:48 +0000 2024,kurusurindesu,#わっちゅあね？リリース記念グッズ販売決定いたしました！ かわいい～～～  販売期間：9/9（月）18:00～9/23（月祝）23:59  是非ゲットしてくださいね！  https://t.co/gDrxVcWSSw https://t.co/oDClHSptaG
Fri Aug 23 12:52:05 +0000 2024,kurusurindesu,ラブライブ！蓮ノ空女学院スクールアイドルクラブ みらくらぱーく！ラジオ公開録音 ～夏の大補習まつり～ 会場、配信でご参加くださったみんな 本当にありがとうございました！！  近距離でみんなのお顔を見ながらおしゃべり、パフォーマンスできて幸せでした。  #みらぱとスリブと公開録音 https://t.co/1YNkqWB7nQ
Sun Dec 15 12:23:22 +0000 2024,kurusurindesu,あもーめんとはぴねす！ 皆様の幸せなひとときになっていればとおもいます！！🧁  ありがとう〜〜〜〜 https://t.co/VA7yUpm5HZ
Sun Oct 13 10:14:31 +0000 2024,kurusurindesu,くるーじんぐ！ # 3 ありがとうございました🚢  ここまでアットホームなイベントはあまりないのでは……というくらいリラックスしながらでのイベント、 とっても幸せでした☺️沢山の笑顔が見られてうれしかった！ありがとうございました！！！ #くるーじんぐ https://t.co/4WxG6LSGBm
Mon Sep 23 12:45:15 +0000 2024,kurusurindesu,姫芽ちゃんぶっ倒れちゃうんじゃないかとひやひやする場面もありましたが……  幸せそうでよかった🫶 めぐちゃんるりちゃん、そしてみなさまありがとう〜〜〜 まもなくお誕生日だね   #With蓮ノ空
Thu Oct 31 06:29:43 +0000 2024,kurusurindesu,！！！！！！！
Sat Jul 27 07:47:11 +0000 2024,kurusurindesu,情報あにゃがと！
Thu Aug 08 11:43:00 +0000 2024,kurusurindesu,🩶🩶 https://t.co/KxgfEuZA8C
Wed Sep 18 06:21:54 +0000 2024,kurusurindesu,最近前髪分けてる😃 https://t.co/fyNxhhKslh
Sat Sep 28 12:25:12 +0000 2024,kurusurindesu,まってましたーーー！！！ #みらくらマイクラ
Sun Dec 22 11:10:00 +0000 2024,kurusurindesu,#蓮ノ空ファンミDay2  ファンミ2日間終了いたしました！！  今日もたくさんの楽しい！を共有できてうれしかったー！！  ツアーも残すは横浜アリーナの2日です、めいいっぱい気合い入れて挑みます👊  ふぉとばいこな⬇️ https://t.co/mnlcMlppA6
Tue Nov 26 11:33:19 +0000 2024,kurusurindesu,リリイベありがとでしたーー！！わっちゅあね衣装どうでしたか🐑 https://t.co/w1jAAuVyq7
Sat Nov 02 11:23:33 +0000 2024,kurusurindesu,最高でした📔🤍一生憧れです。  #heartbookmarkツアー
Tue Dec 31 11:20:49 +0000 2024,kurusurindesu,今年もお世話になりました🙇🏻‍♂️
Sun Dec 01 12:45:59 +0000 2024,kurusurindesu,#蓮ノ空3rdスリブ みらぱとみらぱPTAで配信参加したよーーーー！！！！さいこー！！！！！！ https://t.co/wQCtnwLYQz
Thu Oct 10 06:09:35 +0000 2024,kurusurindesu,うどん屋さんの前の匂い、いい匂い👃
Fri Nov 08 11:52:57 +0000 2024,kurusurindesu,改めて24歳になりました！！沢山お祝いありがとうございました！ このあとケーキ運んだらひっくり返しちゃった、、  危なっかしいわたしですが、皆さんにこれ以上心配をかけぬよう24歳はしっかり安全に過ごせるよう頑張ります！  いつもありがとう！！ https://t.co/FFYCyLDRBX
Fri Jul 12 11:39:10 +0000 2024,kurusurindesu,とおもったらかんちゃんが通話かけてきてくれてハッピー！！！！
Sun Jul 28 10:27:15 +0000 2024,kurusurindesu,本日20:00〜 #リンクラ生放送 是非ご参加ください^. _ .^
Wed Jul 31 10:10:42 +0000 2024,kurusurindesu,Fes×LIVE楽しみだねーーーーー
Tue Dec 03 03:51:27 +0000 2024,kurusurindesu,みて〜ネイル変えた〜ぎゃる！ https://t.co/FHJvBX9Qqh
Sun Jul 21 03:08:18 +0000 2024,kurusurindesu,みんな、早くから並んでくれてありがとう！！ かなり暑いみたいなのでしっかり水分補給して、身体を1番に大事にしてねありがとうね☀️
Mon Jul 15 12:45:10 +0000 2024,kurusurindesu,蓮ノ空とドン・キホーテがコラボします🥳🥳🥳🥳 すごい〜〜〜〜！！！！！！ みらくらぱーく！がコラボ盛り上げていきますよ！！ #蓮ノ空
Mon Jul 22 11:30:55 +0000 2024,kurusurindesu,21:00からひめちゃんとこすずの配信だよ〜〜〜〜🪷 #With蓮ノ空
Mon Aug 19 12:55:26 +0000 2024,kurusurindesu,姫芽ちゃん、イキイキしてたな…… #With蓮ノ空
Mon Oct 14 14:09:32 +0000 2024,kurusurindesu,はなそ〜
Sat Dec 07 06:29:52 +0000 2024,kurusurindesu,マフラー、解禁！
Sat Nov 16 14:32:23 +0000 2024,kurusurindesu,幸せだったー！ 2人の笑顔を同じステージで見てるあの時間が、何よりも胸が暑くなる瞬間です
Tue Dec 03 09:31:24 +0000 2024,kurusurindesu,気が向いた時にばーーーーってSNS更新して次見た時には死んだように静かになるの、割と申し訳ないとは思ってるよー 気まぐれに付き合ってくれていつもありがとーう！！！
Sat Jul 27 07:41:59 +0000 2024,kurusurindesu,BOOST NOODLEってどこでかえるんだ？
Sun Dec 08 06:01:15 +0000 2024,kurusurindesu,『StarRise』テーマソング 「One Voice!!」が配信スタートしました☺️  ぜひたくさん聴いてくださいね！！🎧
Sun Dec 15 05:49:26 +0000 2024,kurusurindesu,今日楽しもうねーーー！
Sun Oct 13 00:44:27 +0000 2024,kurusurindesu,今日はよろしくね〜気をつけてきてね〜
Tue Aug 13 14:45:23 +0000 2024,kurusurindesu,かえちゃんたちかなりプールで写真撮ってくれたから今度またファンクラブにのせよかね！  ファンクラブ限定のなんたら〜を増やしたいなあと思ってるのでなんかやって欲しいものとか欲しい機能とかあったら教えて！！！！ あとボイスで話して欲しいトークテーマ今教えてください！お風呂出たら録る！
Wed Aug 07 09:20:51 +0000 2024,kurusurindesu,🐈‍⬛ガーリーなお洋服久々だった！ https://t.co/PL7Vbyu3Q7
Sat Sep 28 00:55:37 +0000 2024,kurusurindesu,むすびちゃんの飼い主として映像で出演させていただきました🥳 ぜひアーカイブチェックしてくださいね！
Fri Aug 09 13:42:18 +0000 2024,kurusurindesu,いつもさんきゅーーーーーーー🫶🫶🫶🫶🫶🫶🫶🫶🫶🫶🫶🫶🫶🫶🫶🫶🫶🫶🫶🫶🫶🫶🫶🫶🫶🫶 https://t.co/4WBp9YFxH5
Sun Dec 08 14:31:22 +0000 2024,kurusurindesu,ひさびさにインスタ盛り上げてる
Sun Sep 01 11:00:58 +0000 2024,kurusurindesu,👓 https://t.co/rtZDWA8AhA
Wed Nov 27 13:35:32 +0000 2024,kurusurindesu,改めまして、わっちゅあね？本日発売です💿 ぜひたくさん聴いてくださいね！！
Thu Sep 12 12:59:39 +0000 2024,kurusurindesu,ファンクラブイベント決定致しました！！ ご参加まってます🥳
Sat Nov 16 14:35:17 +0000 2024,kurusurindesu,どんなに時間が経っても、ふたりきりのド！ド！ド！は永遠に2人のものでずっとずうっと 2人の中にも、姫芽ちゃんの中にも、私の中にも、皆さんの中にも大事に大切にされつづけるからこそ あのステージに立つことができました、ありがとうございました！
Sat Oct 12 15:03:27 +0000 2024,kurusurindesu,結局！！！クロスヘアは！！！白ドット！！！！！！！！
Tue Dec 31 16:49:53 +0000 2024,kurusurindesu,あけましておめでとうございます〜
Tue Nov 12 02:04:44 +0000 2024,kurusurindesu,ネオンナーフ！！！！！！ナーフ……！！！！！！
Sat Oct 19 12:37:32 +0000 2024,kurusurindesu,フリートークチャレンジ！いっぱいおしゃべりできて楽しそうだったね🏆 #With蓮ノ空
Tue Oct 01 15:36:52 +0000 2024,kurusurindesu,先行配信スタートいたしました！！ 沢山聞いてください🍰🍩🍴✨ #来栖りんわっちゅあね
Mon Sep 23 12:48:07 +0000 2024,kurusurindesu,きっと姫芽のお姉ちゃんも配信観てくれたんだろうな、ほっこり
Sat Dec 07 13:21:28 +0000 2024,kurusurindesu,平和だった…… #With蓮ノ空
Wed Oct 02 04:26:27 +0000 2024,kurusurindesu,みらくらぱーく！ 3rdシングル「ファンファーレ！！！」 本日発売です🏆優勝！！！！！ https://t.co/CHWdFBeIZm
Wed Sep 04 10:44:20 +0000 2024,kurusurindesu,こちらまもなく！ #リンクラ生放送
Wed Oct 09 15:35:28 +0000 2024,kurusurindesu,StarRiseのライブイベントが開催決定いたしました〜！！！ 素敵なアーティストのみなさんと同じステージでライブできるの嬉しいです！  お会い出来るのを楽しみにしてます☺️
Thu Jan 02 03:02:59 +0000 2025,kurusurindesu,おみくじ、吉でした！上から二番目？！
Thu Nov 14 13:27:58 +0000 2024,kurusurindesu,✌️ https://t.co/uID7rNBgrY
Sun Sep 29 07:28:59 +0000 2024,kurusurindesu,うさきゃっぷ https://t.co/beIW0bSbOB
Thu Aug 08 12:58:38 +0000 2024,kurusurindesu,狙ってたねこいやほん買えた^._.^ https://t.co/4cYK2qlkTh
Sat Nov 30 16:08:25 +0000 2024,kurusurindesu,ヤンヤンつけボー…… https://t.co/0dvNFPqJiI
Thu Oct 31 06:31:19 +0000 2024,kurusurindesu,ところでカオスいつ来る？
Sun Aug 11 14:10:09 +0000 2024,kurusurindesu,思ったよりちょっと短かったてぃーしゃつ おやすみなさい〜 https://t.co/dpckw4QYwH
Sun Nov 24 06:32:50 +0000 2024,kurusurindesu,どきどき  #蓮ノ空3rdドルケ
Mon Oct 28 13:50:46 +0000 2024,kurusurindesu,#Fes蓮ノ空ラブライブ地区予選 先輩方が繋いできたものを、104期蓮ノ空女学院スクールアイドルクラブとしてまた繋いでいく姫芽ちゃんたちをみることができて とっても胸がいっぱいです🪽
Fri Oct 11 11:14:10 +0000 2024,kurusurindesu,ほんとに可愛い誕生日ひめちゃん〜〜 みんなもゲットしてね🏆 https://t.co/mDmoq5HJJw
Sat Aug 24 11:23:15 +0000 2024,kurusurindesu,#みらぱと公開録音  みらぱ公演、本当にいつもの感じで楽しかったなあ〜〜 みんなの大笑いや声援にすごくパワーをもらって、明日からも幸せいっぱいに頑張れそうです。改めて、いつもありがとうございます！！みらぱ最高〜〜〜 https://t.co/BsqCNRRX0p
Thu Nov 07 15:11:19 +0000 2024,kurusurindesu,23歳でキューインして24歳で勝利しました
Sun Sep 01 04:31:37 +0000 2024,kurusurindesu,流行りのメイクレシピやってーてDM来てたから作ろうかなああ
Thu Oct 03 12:55:32 +0000 2024,kurusurindesu,メンバーカラー大発表！どのカラー名も素敵だったね〜 姫芽ちゃんは「シュガーパープル」🧁💜 #With蓮ノ空
Sat Dec 21 01:13:29 +0000 2024,kurusurindesu,#蓮ノ空ファンミDay1 楽しもうね〜〜〜寒いから温かくしてお越しください！ https://t.co/NanyRvY88Q
Mon Nov 18 05:11:14 +0000 2024,kurusurindesu,こながお誕生日にくれた帽子🐱 https://t.co/jKOQCKpDGz
Sat Aug 24 07:50:43 +0000 2024,kurusurindesu,座りでのパフォーマンスとなってしまい申し訳ございません。 少し大きな怪我をしてしまい、まだ今現在で精密な検査が出来ておらず、大事をとっての判断をして下さりました。 逆にこれで済んで良かったね！な感じなので、心配せず皆には楽しんで欲しいです！トークや歌でたくさん盛り上げます楽しもう！
Sat Aug 31 13:12:01 +0000 2024,kurusurindesu,#アニサマ DAY2  ラブライブ！蓮ノ空女学院スクールアイドルクラブで参加させていただきました🎤  ステージから見える星空のようなキラキラの景色に圧倒されっぱなしでした。 素敵な時間を本当にありがとうございました！！ https://t.co/xwSzMJ901j
Tue Nov 12 02:16:15 +0000 2024,kurusurindesu,ずうっといっしょ！の歌みたしたい
Thu Sep 19 09:39:32 +0000 2024,kurusurindesu,お手紙とプレゼントいただきました！！ありがと〜〜〜〜〜〜！！！大事にする！！！！
Fri Jul 05 10:11:32 +0000 2024,kurusurindesu,『LoveLive! Series Presents Asia Tour 2024 ～ みんなで叶える物語 ～』 に出演させていただきます。  尊敬するラブライブ！シリーズの先輩方とご一緒させていただくということで、今からとっても楽しみです！ 宜しくお願いいたします🪷  安養寺姫芽役 来栖りん  #lovelive  #蓮ノ空
Fri Dec 27 14:01:38 +0000 2024,kurusurindesu,素人すぎる https://t.co/TR9yfBIyAx
Wed Aug 14 14:29:11 +0000 2024,kurusurindesu,今日手巻き寿司のひ？
Tue Oct 01 09:04:52 +0000 2024,kurusurindesu,TVアニメ『#歴史に残る悪女になるぞ』EDテーマ 「わっちゅあね？」が本日10/2(水)0:00〜先行配信開始いたします！  こちら⬇️ https://t.co/DBw6LV810j   #来栖りんわっちゅあね でたくさん感想聞かせてください☺️
Sat Sep 14 13:09:24 +0000 2024,kurusurindesu,無事わたしも眠くなりました🫧 #With蓮ノ空
Fri Sep 06 13:07:51 +0000 2024,kurusurindesu,#せーはす 運動能力チェック！ いいとこ見せられた……よね？
Tue Nov 12 10:06:21 +0000 2024,kurusurindesu,ちまと登場しました！！！🐶 是非チェックしてね〜 https://t.co/RxE8WNT9Fs
Wed Aug 14 14:30:38 +0000 2024,kurusurindesu,えだって我が家も手巻き寿司だったしさくちゃんも手巻き寿司だってのせてたし友達の家族も手巻き寿司してるし絶対そうでしょ！？！？！？
Sun Oct 06 11:13:46 +0000 2024,kurusurindesu,#リンクラ生放送 ありがとうございました！   すやすや寝そべり可愛いです😪沢山新情報うれしかったね〜〜！ https://t.co/cFWq5N8kkm
Fri Aug 09 13:45:29 +0000 2024,kurusurindesu,あたらしグッズ出た😈😈😈チェックしてください！！
Sat Dec 28 11:23:39 +0000 2024,kurusurindesu,有識者ありがとう、いいです https://t.co/CDQg33FmYb
Fri Jul 12 11:29:26 +0000 2024,kurusurindesu,これみたらさっき会ったのに会いたくなっちゃった！！！！！！ #せーはす
Thu Aug 08 13:43:15 +0000 2024,kurusurindesu,ひなとの動画をいんすたのほうのストーリーに載せました今度写真ものせるね！
Sat Nov 23 05:42:02 +0000 2024,kurusurindesu,#いいツインテールの日2024 https://t.co/a5SDybho87
Thu Sep 19 09:48:22 +0000 2024,kurusurindesu,じゃーん！！！！！！！！  https://t.co/c65mVSJan1 https://t.co/2xaLgzmqXB
Fri Jan 10 13:52:03 +0000 2025,hasunosora_SIC,1月10日（金）開催 「ラブライブ！蓮ノ空女学院スクールアイドルクラブ 3rd Live Tour TRI TRI UNITY!!!」Day.1公演＜有料生配信＞につきまして、 一部音源に乱れがございましたため、正しいアーカイブへの差し替え対応を近日中に行います。アーカイブ配信は予定通り23:00よりご視聴いただけます。
Fri Jan 31 11:01:00 +0000 2025,hasunosora_SIC,✨🪷せーはす🪷✨  「せーので！はすのそら！104」#37 を公開しました🌟  金沢ロケ④ はすぽ旅ついに決着！  ⏬視聴はこちら https://t.co/Wy6anCJgho  ぜひご覧ください👀  #せーはす #蓮ノ空 #リンクラ #lovelive https://t.co/FFZznMGBJa
Sun Jan 19 02:00:00 +0000 2025,hasunosora_SIC,🪷Webラジオ情報🪷 #蓮ノ空 #リンクラ #lovelive かんかんりんりんこなこなの  #みらくら進路相談 室ラジオ📻  第1回：「恥・恥・恥」 この後正午プレミア公開！  記念すべき第1回は 昨年12/21・22開催のファンミーティングを たっぷり振り返ります！  ▼視聴はこちら！ https://t.co/pN4qY1NrHc https://t.co/3fpchGuQOY
Sun Jan 12 15:30:58 +0000 2025,hasunosora_SIC,🪷 #村野さやか生誕祭2025 🪷  さやかのお誕生日のお祝い用の 写真フレームを配布いたします💙  ぜひお気に入りのスクリーンショットと 組み合わせて使ってみてください🎨  #蓮ノ空 #リンクラ #lovelive https://t.co/oXMqwd8hAm
Sun Mar 02 11:30:01 +0000 2025,hasunosora_SIC,🪷With×MEETSアーカイブ公開🪷  2/24(月)に配信したWith×MEETS『村野さやかのラジオ 第12回』のアーカイブをYouTubeに公開しました✨  ▼ご視聴はこちらから https://t.co/4wATl3Kj4P  #蓮ノ空 #リンクラ #lovelive https://t.co/gwXsFzomM1
Mon Mar 03 11:00:01 +0000 2025,hasunosora_SIC,🪷もう間もなく🪷 本日のWith×MEETSは20:30よりスタートです！  アプリ内の「スクールアイドルコネクト」よりご視聴ください！   #⃣ハッシュタグはこちら #With蓮ノ空  👇アプリダウンロード👇  https://t.co/ZDvy7JeUQm  #蓮ノ空 #リンクラ #lovelive https://t.co/2vDr6Ek5F7
Mon Jan 13 11:00:00 +0000 2025,hasunosora_SIC,🪷もう間もなく🪷 本日のWith×MEETSは20:30よりスタートです！  アプリ内の「スクールアイドルコネクト」よりご視聴ください！   #⃣ハッシュタグはこちら #With蓮ノ空  👇アプリダウンロード👇  https://t.co/ZDvy7Jen0O  #蓮ノ空 #リンクラ #lovelive https://t.co/FAZ8Yed8vx
Mon Mar 10 05:40:00 +0000 2025,hasunosora_SIC,🪷新曲リリックビデオ公開決定！🪷  🌕 DOLLCHESTRA 🌕     「 COMPASS 」   🗓️ 3/10(月) 21:15〜 プレミア公開！ ▶️ https://t.co/fsCs2ufdrz  #蓮ノ空 #リンクラ #lovelive https://t.co/lj8g9N8pHs
Fri Feb 21 11:30:01 +0000 2025,hasunosora_SIC,✨🪷せーはす🪷✨  次回の「せーので！はすのそら！104」#41 は… 2025/2/28(金)更新予定です❕  お楽しみに🥰  #せーはす #蓮ノ空 #リンクラ #lovelive
Fri Jan 10 08:00:07 +0000 2025,hasunosora_SIC,🪷Link！Like！ラブライブ！🪷  ライブグランプリ「104期 3rdTerm 第3回個人戦」のランキング集計が完了しました！ アプリ内スクールアイドルステージより、ぜひ結果をご確認ください。  ◆プライズについて プライズの配布は 1/11(土) 12:00 以降を予定しております。  #蓮ノ空 #リンクラ #lovelive
Sat Mar 15 03:03:47 +0000 2025,hasunosora_SIC,🪷Link！Like！ラブライブ！🪷  「蓮ノ空女学院スクールアイドルクラブ」の 「いま」を描く📽活動記録📽に  📔「活動記録」2024年度 第13話 『いずれ会う約束の桜』PART1～5  が追加されました！  #蓮ノ空 #リンクラ #lovelive https://t.co/iPxhwuIFwZ
Sun Jan 26 08:30:00 +0000 2025,hasunosora_SIC,#ラブライブ決勝大会プレーオフ  ✨1/26(日) 20:00 開演✨ 優勝校決定の瞬間をリアルタイム無料生中継 ▶️https://t.co/2bzuXqFcis  🎁えらべるPay🎁 100円〜1万円が100名に当たる  🔻ご参加方法🔻 1️⃣このアカウントをフォロー 2️⃣このポストをリポスト 3️⃣URLから抽選に参加 https://t.co/Ezh27yETtL https://t.co/F0mcGDDGK0
Tue Feb 11 04:10:00 +0000 2025,hasunosora_SIC,🪷商品情報🪷  「虹ヶ咲学園キッチンカー」よりバースデー記念ドリンクメニュー販売のお知らせです♪  詳細はこちら→https://t.co/flz1BGmF28  #蓮ノ空 #リンクラ #lovelive https://t.co/xsmKUoytLU
Fri Feb 14 06:00:02 +0000 2025,hasunosora_SIC,🪷Link！Like！ラブライブ！🪷  🕣予告🕣 メンバーの定期生配信「With×MEETS」 『梢センパイの振り返り！』 2/15(土) 20:30より配信✅  🪷出演🪷 日野下 花帆 乙宗 梢  👇アプリダウンロードはこちら https://t.co/ZDvy7JeUQm  #With蓮ノ空 #蓮ノ空 #リンクラ #lovelive https://t.co/sAxxEDFeXN
Mon Feb 24 08:00:01 +0000 2025,hasunosora_SIC,🪷Link！Like！ラブライブ！🪷  ライブグランプリ「104期 FinalTerm 第1回サークル対抗戦」のランキング集計が完了しました！  アプリ内スクールアイドルステージより、ぜひ結果をご確認ください。  プライズの配布は 2/28(金) 12:00 以降を予定しております。  #蓮ノ空 #リンクラ #lovelive
Sat Mar 15 03:00:01 +0000 2025,hasunosora_SIC,🪷✨新リリックビデオ公開中✨🪷  　DOLLCHESTRA 🧭『 COMPASS 』🧭  #蓮ノ空 #リンクラ #lovelive https://t.co/YUOdCBWWwy
Mon Feb 17 03:02:22 +0000 2025,hasunosora_SIC,🪷Link！Like！ラブライブ！🪷  💘ズッキュン♡ハート撃ち抜く、104期みらくらぱーく！のピリオドを全方位ピックアップ！！ 『2024 WINTER LIMITED COLLECTION vol.7』 開催中！お見逃しなく！  #蓮ノ空 #リンクラ #lovelive https://t.co/HDz4uWu0ca
Sun Jan 26 12:28:22 +0000 2025,hasunosora_SIC,【 号外速報 】  「ラブライブ！決勝大会プレーオフ」  　 　🌸🏆 蓮ノ空優勝 🏆🌸  🪷蓮ノ空女学院スクールアイドルクラブ スリーズブーケ＆DOLLCHESTRA＆みらくらぱーく！  #ラブライブ決勝大会プレーオフ #蓮ノ空 #リンクラ #lovelive https://t.co/VlkW3VFwaE
Wed Feb 19 11:30:01 +0000 2025,hasunosora_SIC,🪷With×MEETSアーカイブ公開🪷  2/15(土)に配信したWith×MEETS『梢センパイの振り返り！』のアーカイブをYouTubeに公開しました✨  ▼ご視聴はこちらから https://t.co/6fkdAU97BP  #蓮ノ空 #リンクラ #lovelive https://t.co/7pi8SOi9YD
Sat Feb 08 12:11:32 +0000 2025,hasunosora_SIC,🪷With×MEETSアーカイブ公開🪷   2/8(土)に配信したWith×MEETS『綴理先輩の振り返り』のアーカイブをアプリ内に公開しました✨  👇アプリダウンロードはこちらから https://t.co/ZDvy7JeUQm  YouTubeには約1週間後に公開する予定です。  ご感想は #With蓮ノ空 で📝 #蓮ノ空 #リンクラ #lovelive https://t.co/mQNACNo3z5
Fri Feb 28 03:02:08 +0000 2025,hasunosora_SIC,🪷Link！Like！ラブライブ！🪷  🌄夜の果てに訪れた始まりの予感。104期スリーズブーケ、愛しい微熱のピリオドをピックアップ！！ 『2024 WINTER LIMITED COLLECTION vol.8』 開催中！お見逃しなく！  #蓮ノ空 #リンクラ #lovelive https://t.co/Qo0jLI9Bwa
Fri Mar 14 11:30:00 +0000 2025,hasunosora_SIC,✨🪷せーはす🪷✨  次回の「せーので！はすのそら！104」#44 は… 2025/3/21(金)更新予定です❕  お楽しみに🥰  #せーはす #蓮ノ空 #リンクラ #lovelive
Sun Jan 26 12:03:24 +0000 2025,hasunosora_SIC,#ラブライブ決勝大会プレーオフ  ✨ただいま優勝校によるエキシビション開催中✨  蓮ノ空女学院スクールアイドルクラブ DOLLCHESTRA「バアドケージ」  🔻ライブ視聴（無料）はこちらから！ https://t.co/2bzuXqFK80 https://t.co/0wdEZ2y1rJ
Mon Feb 10 11:00:02 +0000 2025,hasunosora_SIC,🪷もう間もなく🪷 本日のWith×MEETSは20:30よりスタートです！  アプリ内の「スクールアイドルコネクト」よりご視聴ください！   #⃣ハッシュタグはこちら #カラオケ蓮ノ空  👇アプリダウンロード👇  https://t.co/ZDvy7Jen0O  #蓮ノ空 #リンクラ #lovelive https://t.co/nLCK1ReDEf
Fri Jan 24 04:00:01 +0000 2025,hasunosora_SIC,🪷商品情報🪷  アクリルキーホルダー付きムック「お散歩日記」（全9種）  ～DOLLCHESTRA～　～みらくらぱーく！～ 好評発売中！ ～スリーズブーケ～ 1月30日発売！  書店・専門店をチェックしてください👇 https://t.co/1jf2HjyN5E  #蓮ノ空 #リンクラ #lovelive https://t.co/FnRsnF0aDb
Sat Mar 08 12:33:46 +0000 2025,hasunosora_SIC,✨本日の「With×MEETS」のご視聴ありがとうございました！✨  ぜひご感想は #With蓮ノ空 をつけて教えてください🪷  次回の「With×MEETS」は 3/10(月) 20:30配信予定です✅  #蓮ノ空 #リンクラ #lovelive https://t.co/mOcfe1uDoP
Fri Feb 14 03:00:02 +0000 2025,hasunosora_SIC,"🪷公式4コマ🪷 りんく！らいふ！ラブライブ！104期  【第52話】 #ハッピーバレンタイン  #バレンタインデー   蓮ノ空女学院スクールアイドルクラブの日常を""ほぼ""リアルタイムにお届けしちゃいます！  作◆珠月まや( @mayamaya36 )先生  #蓮ノ空 #リンクラ #リンクラ4コマ #lovelive https://t.co/nz5s0Q9Ugy"
Mon Jan 13 12:18:34 +0000 2025,hasunosora_SIC,🪷 #With蓮ノ空 🪷  ✨✨トレンド入り✨✨  たくさんの投稿ありがとうございます🎉 次回の配信もお楽しみに📹  #村野さやか生誕祭2025  #蓮ノ空 #リンクラ #lovelive https://t.co/8SZtjy8NYm
Wed Mar 12 10:05:00 +0000 2025,hasunosora_SIC,🪷商品情報🪷  ゲーマーズより新商品発売のお知らせです♪ 「ラブライブ！蓮ノ空女学院スクールアイドルクラブ」のゲーマーズ限定商品の発売が決定！✨ 金沢ゲーマーズ先行で2025年３月下旬に発売予定です💖  詳しくはこちら↓ https://t.co/y5RVIYFVzr  #蓮ノ空 #リンクラ #lovelive https://t.co/iW80eMCGaL
Fri Feb 21 09:05:00 +0000 2025,hasunosora_SIC,【商品情報】金沢の染公房・茜やより新商品のお知らせです✨   102期生3人の加賀染手ぬぐいセット「ラブライブ！蓮ノ空女学院スクールアイドルクラブ × 金沢・茜や 日本手ぬぐい Ver.102期生」を3月1日より茜や店舗・ECサイトにて発売🎉  お見逃しなく✅ https://t.co/OlkyT5s8HR  #lovelive #蓮ノ空 https://t.co/sS4OI09KFa
Wed Jan 15 10:25:00 +0000 2025,hasunosora_SIC,━━━━━━━━━━━━━━━━ UR [AURORA FLOWER] 夕霧綴理 ━━━━━━━━━━━━━━━━  2024 WINTER LIMITED COLLECTION vol.3  #蓮ノ空 #リンクラ #lovelive https://t.co/rHeUvmlWho
Thu Jan 16 12:03:09 +0000 2025,hasunosora_SIC,✨本日の「With×MEETS」のご視聴ありがとうございました！✨  ぜひご感想は #With蓮ノ空 をつけて教えてください🪷  次回の「With×MEETS」は 1/18(土) 21:00配信予定です✅  #蓮ノ空 #リンクラ #lovelive https://t.co/mX93J1eEPc
Sun Jan 12 12:00:01 +0000 2025,hasunosora_SIC,🪷Link！Like！ラブライブ！🪷  🌟新登場カードをご紹介🌟 2024 WINTER LIMITED COLLECTION vol.3 UR [AURORA FLOWER] 夕霧綴理  ぜひチェックしてください✨  #蓮ノ空 #リンクラ #lovelive
Fri Mar 14 11:03:00 +0000 2025,hasunosora_SIC,✨🪷せーはす🪷✨  「せーので！はすのそら！104」#43 を公開しました🌟  金沢ロケ⑩ 押し寿司体験＆念願のカフェへ！🍣☕  ⏬視聴はこちら https://t.co/U83kpF9jxz  ぜひご覧ください👀  #せーはす #蓮ノ空 #リンクラ #lovelive https://t.co/ulCl4z6a9v
Sat Feb 22 07:15:00 +0000 2025,hasunosora_SIC,🪷Link！Like！ラブライブ！🪷  ✨104期 活動記録(ストーリー) ✨  第1話から最新の第12話まで公開中📕  🔻アプリで最新話まですぐに視聴できます https://t.co/ZDvy7Jen0O  🔻YouTubeにも一部公開中 https://t.co/Jv3EOMGuhI  #蓮ノ空 #リンクラ #lovelive https://t.co/dmcRMqAwIt
Fri Feb 28 12:00:04 +0000 2025,hasunosora_SIC,🪷新曲リリックビデオ公開！🪷  🌸スリーズブーケ🌸   『 ユメワズライ 』   🔻ご視聴はこちら🔻 ▶️ https://t.co/U40bec2Biw  ご感想の投稿も #ユメワズライ でお待ちしています！  #蓮ノ空 #リンクラ #lovelive https://t.co/HVmAwPgcOi
Thu Mar 13 09:00:03 +0000 2025,hasunosora_SIC,🪷Link！Like！ラブライブ！🪷  メンバーの定期生配信「With×MEETS」 『梢センパイに感謝を！』  🔔本日20:30配信！🔔  🪷出演🪷 日野下 花帆 乙宗 梢 百生 吟子  アプリ内の「スクールアイドルコネクト」よりご参加ください！  #With蓮ノ空 #蓮ノ空 #リンクラ #lovelive https://t.co/zFOy8KSTfu
Sat Feb 08 03:00:01 +0000 2025,hasunosora_SIC,🪷スリーズブーケ！と季節のお散歩を楽しんで♪🪷 スリーズブーケメンバーのショートストーリーと、冬野カモメさん描き下ろしのイラスト使用したアクリルキーホルダーがセットになったムックが好評発売中！  詳細はこちらから👇 https://t.co/eyGj3sw58H  #蓮ノ空 #リンクラ #lovelive https://t.co/Yc2dJRGZlk
Sun Jan 26 12:44:03 +0000 2025,hasunosora_SIC,🪷音楽情報🪷  104期 3rd Term Fes×LIVE〜ラブライブ！決勝大会プレーオフ〜で、Edel Noteが披露した新曲は下記になります🌟  ⚔️Edel Note「Edelied」 作詞：東乃カノ 作曲：江口寛至 編曲：市川淳  #蓮ノ空 #リンクラ #lovelive
Thu Jan 23 11:17:00 +0000 2025,hasunosora_SIC,🪷ライブイベント情報🪷 #蓮ノ空FesReC大阪Day_1  本日終演後しばらくの間、「会場物販」を引き続き行います 🛒 商品情報はこちら！ https://t.co/99w6aOc8PA  #蓮ノ空 #リンクラ #lovelive https://t.co/GQzMTZ6T7P
Mon Mar 03 06:00:00 +0000 2025,hasunosora_SIC,🪷Link！Like！ラブライブ！🪷  ✨メンバーの定期生配信✨ 「With×MEETS」予定表更新！  👇アプリダウンロード https://t.co/ZDvy7JeUQm  #With蓮ノ空 #蓮ノ空 #リンクラ #lovelive https://t.co/WPUmjiokbe
Sun Feb 02 03:05:00 +0000 2025,hasunosora_SIC,🪷音楽情報🪷  3/26(水)発売の蓮ノ空女学院スクールアイドルクラブ SPECIALアルバムのタイトルが「おいでよ！石川大観光」に決定！✨ 詳細は後日解禁しますのでお楽しみに💿  ⏬商品情報 https://t.co/TbTkk3wotR  ⏬特典情報 https://t.co/nzwWUrJbHh  #蓮ノ空 #リンクラ #lovelive
Sat Jan 18 08:00:02 +0000 2025,hasunosora_SIC,🪷Link！Like！ラブライブ！🪷  ライブグランプリ「104期 3rdTerm 第3回サークル対抗戦」のランキング集計が完了しました！  アプリ内スクールアイドルステージより、ぜひ結果をご確認ください。プライズの配布は月末を予定しております。  https://t.co/ZDvy7JeUQm  #蓮ノ空 #リンクラ #lovelive
Wed Feb 05 06:00:01 +0000 2025,hasunosora_SIC,🪷Link！Like！ラブライブ！🪷  🕣予告🕣 メンバーの定期生配信「With×MEETS」 『103期祝勝会！』 2/6(木) 20:30より配信✅  🪷出演🪷 日野下 花帆 村野 さやか 大沢 瑠璃乃  👇アプリダウンロードはこちら https://t.co/ZDvy7JeUQm  #With蓮ノ空 #蓮ノ空 #リンクラ #lovelive https://t.co/hqSLIHtGVN
Tue Jan 28 10:00:02 +0000 2025,hasunosora_SIC,🪷Link！Like！ラブライブ！🪷  ━━━━━━━━━━━━ UR [AURORA FLOWER] 　　村野 さやか ━━━━━━━━━━━━ 2024 WINTER LIMITED COLLECTION vol.5開催中！  🗓️ピックアップ期間 1月26日(日) 21:00〜2月5日(水) 11:59  #蓮ノ空 #リンクラ #lovelive https://t.co/Vaw6VnVekU
Thu Jan 30 12:00:01 +0000 2025,hasunosora_SIC,🪷新リリックビデオ公開中🪷  🌸『 AURORA FLOWER 』🌸 #ラブライブ決勝大会プレーオフ 出場曲 スリーズブーケ＆DOLLCHESTRA＆みらくらぱーく！  🔻フル版はこちら🔻 https://t.co/EWqCEY9L9P  #蓮ノ空 #リンクラ #lovelive https://t.co/hCTJGlrTuU
Sat Jan 18 12:39:07 +0000 2025,hasunosora_SIC,🪷With×MEETSアーカイブ公開🪷   1/18(土)に配信したWith×MEETS『あけおめ！！』のアーカイブをアプリ内に公開しました✨  👇アプリダウンロードはこちらから https://t.co/ZDvy7JeUQm  YouTubeには約1週間後に公開する予定です。  ご感想は #With蓮ノ空 で📝 #蓮ノ空 #リンクラ #lovelive https://t.co/64Ux9YDC8o
Fri Mar 14 12:21:35 +0000 2025,hasunosora_SIC,🪷Webラジオ情報🪷 #蓮ノ空 #リンクラ #lovelive #みらくら進路相談 室ラジオ  第9回「ウチらイケてた」  今回は乙宗 梢役の #花宮初奈 ＆ 夕霧綴理役の #佐々木琴子 がゲスト！ 5人からの豪華みらくりえーるもあるよ！  3月16日（日）正午12時⏱ プレミア公開ページOPENNESS…… https://t.co/SvgqRDU8EL
Sat Jan 18 03:14:41 +0000 2025,hasunosora_SIC,🪷Link！Like！ラブライブ！🪷  スクールアイドルステージに、 カバー楽曲「雑踏、僕らの街」を追加しました🎵  👇アプリダウンロードはこちら https://t.co/ZDvy7JeUQm  #蓮ノ空 #リンクラ #lovelive https://t.co/hsnMVDUjgp
Sat Jan 25 03:30:00 +0000 2025,hasunosora_SIC,✨ラブライブ！決勝大会プレーオフ✨  🗓️2025/1/26(日) 20:00〜 優勝校決定の瞬間をリアルタイム無料生中継  瑞河女子高等学校スクールアイドル部 vs 蓮ノ空女学院スクールアイドルクラブ  🔻ご参加方法🔻 1️⃣ #リンクラ アプリ 2️⃣ YouTube同時配信 https://t.co/2bzuXqFcis  #lovelive https://t.co/BNhNe3Mipr
Sat Jan 25 01:01:18 +0000 2025,hasunosora_SIC,🪷Link！Like！ラブライブ！🪷  1/25(土) 4:00を持ちまして、 イベント「Wish for Blooming Together*」が完了しました！ みなさま、ご協力ありがとうございました！  「Wish for Blooming Together*」の支援票達成プライズは、個別に受け取り操作をしていただく必要がございます。 https://t.co/FXZzy9Cxau
Thu Jan 30 11:30:01 +0000 2025,hasunosora_SIC,🪷With×MEETSアーカイブ公開🪷  1/24(金)に配信したWith×MEETS『プレーオフ意気込み配信！』のアーカイブをYouTubeに公開しました✨  ▼ご視聴はこちらから https://t.co/g1UsCwXze6  #蓮ノ空 #リンクラ #lovelive https://t.co/Kr2p9N8I6Y
Thu Feb 13 11:56:09 +0000 2025,hasunosora_SIC,✨本日の「With×MEETS」のご視聴ありがとうございました！✨  ぜひご感想は #With蓮ノ空 をつけて教えてください🪷  次回の「With×MEETS」は 2/15(土) 20:30配信予定です✅  #蓮ノ空 #リンクラ #lovelive https://t.co/bcXfzTPwaA
Wed Mar 05 10:00:00 +0000 2025,hasunosora_SIC,🪷✨新リリックビデオ公開中✨🪷  　　スリーズブーケ  💐『 ユメワズライ 』💐  #蓮ノ空 #リンクラ #lovelive https://t.co/Hg1SDKeS5Y
Mon Feb 24 12:32:14 +0000 2025,hasunosora_SIC,✨本日の「With×MEETS」のご視聴ありがとうございました！✨  ぜひご感想は #With蓮ノ空 をつけて教えてください🪷  次回の「With×MEETS」は 2/28(金) 20:30配信予定です✅  #蓮ノ空 #リンクラ #lovelive https://t.co/ex3ZzqYMZd
Sun Jan 12 11:30:00 +0000 2025,hasunosora_SIC,✨🪷せーはす🪷✨  次回の「せーので！はすのそら！104」#35 は… 2025/1/17(金)更新予定です❕  お楽しみに🥰  #せーはす #蓮ノ空 #リンクラ #lovelive
Mon Jan 13 03:00:00 +0000 2025,hasunosora_SIC,🪷蓮ノ空女学院購買部🪷  本日、1月13日（月・祝）12:00～ 『#蓮ノ空 女学院購買部』より、第8弾「BIRTHDAYプレゼント～村野さやか 17歳お祝いセット～」が受注開始！🎁🌺  さやかの17歳の誕生日をみんなでお祝いしましょう！🎉 #村野さやか生誕祭2025  詳細はこちらから⏰ https://t.co/c82U98bw4N https://t.co/CXtgvYhXy0
Fri Jan 31 02:10:00 +0000 2025,hasunosora_SIC,🪷商品情報🪷  アルマビアンカより新商品のお知らせです♪ 百生 吟子、徒町 小鈴、安養寺 姫芽のシルエットやモチーフなどをスケッチ風のタッチで新たに描き起こした商品が発売💖  詳細はこちら→https://t.co/G3388d5RvR  #蓮ノ空 #リンクラ #lovelive https://t.co/6AV9rsNyAq
Sat Jan 11 08:23:01 +0000 2025,hasunosora_SIC,🪷#蓮ノ空3rd神奈川Day2 最新情報🪷  Link！Like！ラブライブ！ 🪷最高の仲間たちと立つ、最高のステージ。 この瞬間を全力で生きる、スクールアイドルの輝きをピックアップ！！  ✨開催中✨ 『2024 WINTER LIMITED COLLECTION vol.3』  #蓮ノ空 #リンクラ #lovelive https://t.co/T5EoFhU8jf
Sat Jan 25 13:30:00 +0000 2025,hasunosora_SIC,✨ラブライブ！決勝大会プレーオフ✨  🗓️2025/1/26(日) 20:00〜 優勝校決定の瞬間をリアルタイム無料生中継  蓮ノ空女学院スクールアイドルクラブ vs 瑞河女子高等学校スクールアイドル部　  🔻ご参加方法🔻 1️⃣ #リンクラ アプリ 2️⃣ YouTube同時配信 https://t.co/2bzuXqFcis  #蓮ノ空 #lovelive https://t.co/8NVr2KGxNz
Fri Jan 24 11:30:00 +0000 2025,hasunosora_SIC,🪷もう間もなく🪷 本日のWith×MEETSは21:00よりスタートです！  アプリ内の「スクールアイドルコネクト」よりご視聴ください！   #⃣ハッシュタグはこちら #With蓮ノ空  👇アプリダウンロード👇  https://t.co/ZDvy7JeUQm  #蓮ノ空 #リンクラ #lovelive https://t.co/LAVM9mRHOc
Mon Jan 27 09:00:35 +0000 2025,hasunosora_SIC,"🪷ライブイベント情報🪷  ラブライブ！#蓮ノ空 女学院スクールアイドルクラブ 4th Live Dream ～Bloom, The Dream Believers～  イベントキービジュアル＆ロゴを大公開！ あわせてイベントグッズの事前受付も 本日1月27日（月）18:00よりスタートしました！  ▼グッズの詳細はこちらから☑ https://t.co/tI8fByd92G"
Fri Jan 31 09:25:22 +0000 2025,hasunosora_SIC,🪷Link！Like！ラブライブ！🪷  ━━━━━━━━━━━━  UR [AURORA FLOWER]  　　日野下 花帆 ━━━━━━━━━━━━ 2024 WINTER LIMITED COLLECTION vol.5開催中！  🗓️ピックアップ期間 1月26日(日) 21:00〜2月5日(水) 11:59  #蓮ノ空 #リンクラ #lovelive https://t.co/3YE8sCqIYa
Fri Feb 07 10:22:01 +0000 2025,hasunosora_SIC,🪷Webラジオ情報🪷 #蓮ノ空 #リンクラ #lovelive #みらくら進路相談 室ラジオ  第4回「ワンワン！おなかすいたワン！」  みんなからの相談にみらぱ！がお答え！ 新コーナーがスタートします！  2月9日（日）正午12時⏱ プレミア公開ページOPENだワン！  ▼プレミア公開ページ https://t.co/yjJSrrbfsL https://t.co/Lej9STepTD
Sun Jan 26 10:00:01 +0000 2025,hasunosora_SIC,✨開演まであと1️⃣時間✨  　本日 1/26(日) 20:00 開演 #ラブライブ決勝大会プレーオフ  ＜出演＞ ▼蓮ノ空女学院スクールアイドルクラブ ・スリーズブーケ 　日野下 花帆 　乙宗 梢 　百生 吟子  ・DOLLCHESTRA 　村野 さやか 　夕霧 綴理 　徒町 小鈴  ・みらくらぱーく！ 　大沢 瑠璃乃 　藤島 慈 https://t.co/1E3fH4iT9W
Fri Feb 07 11:30:00 +0000 2025,hasunosora_SIC,✨🪷せーはす🪷✨  次回の「せーので！はすのそら！104」#39 は… 2025/2/14(金)更新予定です❕  お楽しみに🥰  #せーはす #蓮ノ空 #リンクラ #lovelive
Sat Jan 11 01:00:01 +0000 2025,hasunosora_SIC,🪷ライブイベント情報🪷 #蓮ノ空3rd神奈川Day2 会場にて  蓮ノ空女学院スクールアイドルクラブ プロテインバー販売中！！  ぜひチェックしてくださいね💪  #蓮ノ空 #リンクラ #lovelive https://t.co/JEZtG4jqso
Sat Jan 11 09:40:32 +0000 2025,hasunosora_SIC,🪷ライブイベント情報🪷 ラブライブ！#蓮ノ空 女学院スクールアイドルクラブ 3rd Live Tour TRI TRI UNITY!!! 会場そして配信でご参加いただいた、 蓮ノ空のこと好き好きクラブのみなさん！ありがとうございました🎇  昨年2024年11月よりスタートした3rd LIVE Tour、 https://t.co/g6Xp2NCHek
Sat Feb 01 04:18:09 +0000 2025,hasunosora_SIC,🪷リンクラ展示配布情報🪷  ✈️LoveLive! Series Asia Tour 2024 ～みんなで叶える物語〜✈️  ラブカ先行販売会場内での本日分の号外チラシ配布は終了しました。横浜公演会場内の置きチラシも設置されます(なくなり次第終了)。明日の配布情報はこちらでお知らせします✅  #蓮ノ空 #リンクラ #lovelive
Thu Jan 30 11:00:02 +0000 2025,hasunosora_SIC,✈️LoveLive! Series Asia Tour 2024～みんなで叶える物語〜✈️  2月1・2日　開催の 「ラブカ先行販売&amp;展示（YOKOHAMA COAST）」会場および「横浜公演（Kアリーナ横浜）」会場にて、 大型パネル展示＆プレーオフ優勝号外チラシの設置・配布を実施！  🔻ラブカ先行販売&amp;展示会場（YOKOHAMA COAST） https://t.co/kt6mS8AfUW
Sat Jan 25 07:30:00 +0000 2025,hasunosora_SIC,🪷#蓮ノ空 103期の軌跡🪷  ✨ほぼ10分でわかる✨ 1️⃣スリーズブーケ 編 2️⃣DOLLCHESTRA 編 3️⃣みらくらぱーく！編 4️⃣103期LoveLive! 編  🔻YouTube再生リスト🔻 https://t.co/XRSnI23vEF  #リンクラ #lovelive https://t.co/d328ZLqv3x
Thu Feb 13 08:01:00 +0000 2025,hasunosora_SIC,🪷商品情報🪷  ラブライブ！蓮ノ空女学院スクールアイドルクラブ ×サンリオキャラクターズ  コラボ第2弾が決定しました✨ おでかけ仕様のメンバーたちがかわいい💗  詳細はこちら👇 https://t.co/epywZJQFEE   #蓮ノ空 #リンクラ #lovelive https://t.co/BLpF2uUFTV
Wed Jan 29 09:00:03 +0000 2025,hasunosora_SIC,🪷Link！Like！ラブライブ！🪷  メンバーの定期生配信「With×MEETS」 『優勝のご報告です』  🔔本日20:30配信！🔔  🪷出演🪷 乙宗 梢 夕霧 綴理 藤島 慈  アプリ内の「スクールアイドルコネクト」よりご参加ください！  #With蓮ノ空 #蓮ノ空 #リンクラ #lovelive https://t.co/FTwroZ3ghp
Thu Mar 13 03:10:00 +0000 2025,hasunosora_SIC,🪷商品情報🪷  PLUM PMOA「1/7スケールフィギュア 藤島 慈」の予約受付開始♪ みらくらぱーく！「ド！ド！ド！」の衣装姿を元気いっぱいに造形！✨ 世界中を夢中にさせるフィギュアに仕上がりました♪ 表情差分付き豪華版も見逃せない💖  詳細はこちら→https://t.co/tzoYkZ3WR4  #蓮ノ空 #リンクラ https://t.co/8xooK5ZeT5
Sun Mar 09 11:30:00 +0000 2025,hasunosora_SIC,🪷With×MEETSアーカイブ公開🪷  3/3(月)に配信したWith×MEETS『みんなのことをわかってるのはどっちだー!?』のアーカイブをYouTubeに公開しました✨  ▼ご視聴はこちらから https://t.co/i6rC8BmfZ4  #蓮ノ空 #リンクラ #lovelive https://t.co/iLrSjqJP65
Tue Jan 14 05:20:42 +0000 2025,hasunosora_SIC,「ラブライブ！蓮ノ空女学院スクールアイドルクラブ 3rd Live Tour TRI TRI UNITY!!!」 オフィシャルグッズ通販 事後通販受付 1/15(水)18:00より開始いたします ぜひご利用ください！  https://t.co/xZewhkBeKK ※URLは1/15（水）18：00より有効となります  #蓮ノ空 #lovelive
Fri Jan 17 13:00:03 +0000 2025,hasunosora_SIC,🪷Link！Like！ラブライブ！🪷  ✨活動記録（ストーリー）✨  　104期 第11話 『夢を咲かせる物語』  決勝大会は、前代未聞の引き分けプレーオフ！　 優勝に向け、一層熱が入る蓮ノ空の面々だったが、瑞河の廃校が決まったことを聞かされ……。  1/19(日) 12:00 配信  #蓮ノ空 #リンクラ #lovelive https://t.co/QyG89R22ol
Wed Jan 22 12:37:55 +0000 2025,hasunosora_SIC,🪷🖼️ #蓮ノ空美術部 🖼️ 🪷  いつもイラストの投稿をありがとうございます⭐  ほんの一部ですが #リンクラ生放送 でもご紹介させていただきました✨  ぜひこれからも #蓮ノ空美術部 を盛り上げてください！  #蓮ノ空 #リンクラ #lovelive https://t.co/DvtrjH0t2k
Fri Jan 24 08:45:00 +0000 2025,hasunosora_SIC,🪷ライブイベント情報🪷 #蓮ノ空FesReC大阪Day_2  会場にてライブグッズを販売中です！ チケットをお持ちでない方もご購入いただけます🎁  ぜひ、チェックしてください♪    詳細はこちらから！🛒 https://t.co/99w6aOc8PA  #蓮ノ空 #リンクラ #lovelive https://t.co/6EZ8W2y6Gu
Mon Mar 10 12:15:41 +0000 2025,hasunosora_SIC,🪷With×MEETSアーカイブ公開🪷   3/10(月)に配信したWith×MEETS『思い出を作ろう！』のアーカイブをアプリ内に公開しました✨  👇アプリダウンロードはこちらから https://t.co/ZDvy7JeUQm  YouTubeには約1週間後に公開する予定です。  ご感想は #With蓮ノ空 で📝 #蓮ノ空 #リンクラ #lovelive https://t.co/gZ9dQQNKl4
Sun Feb 16 12:00:02 +0000 2025,hasunosora_SIC,🪷新曲リリックビデオ公開決定！🪷   　　みらくらぱーく！ 💕『 全方位キュン♡ 』💕   🗓️ 2/17(月) 21:00〜 プレミア公開！ ▶️ https://t.co/z8w9WcaEN2  #蓮ノ空 #リンクラ #lovelive https://t.co/GAAUCqoEle
Sun Jan 12 11:02:00 +0000 2025,hasunosora_SIC,✨🪷せーはす🪷✨  「せーので！はすのそら！104」#34 を公開しました🌟  念願の9人で金沢へ！ 金沢ロケ① はすぽチャレンジ in 金沢開幕🎉  ⏬視聴はこちら https://t.co/ICsUnM0APX  ぜひご覧ください👀  #せーはす #蓮ノ空 #リンクラ #lovelive https://t.co/smpp7suPk9
Mon Mar 10 03:07:12 +0000 2025,hasunosora_SIC,🪷Link！Like！ラブライブ！🪷  スクールアイドルステージに、 DOLLCHESTRAの楽曲「レム」を追加しました🎵  楽曲はラーニングライブにて習得することができます！  👇アプリダウンロードはこちら https://t.co/ZDvy7JeUQm  #蓮ノ空 #リンクラ #lovelive https://t.co/ULQiycWdMz
Fri Feb 07 11:02:00 +0000 2025,hasunosora_SIC,✨🪷せーはす🪷✨  「せーので！はすのそら！104」#38 を公開しました🌟  金沢ロケ⑤ はすぽ争奪バトル開幕！  ⏬視聴はこちら https://t.co/yNJy1hTB0j  ぜひご覧ください👀  #せーはす #蓮ノ空 #リンクラ #lovelive https://t.co/nOSZBWcHui
Tue Feb 11 07:00:00 +0000 2025,hasunosora_SIC,🪷#カラオケ蓮ノ空 アーカイブ公開中🪷   2/10(月)に配信したWith×MEETS『小三角で歌います。』のアーカイブはアプリ内に公開中です✨  ・月夜見海月 ・ハクチューアラモード ・KNOT ・Wonderful Rush 　(With×MEETS AFTER)  🔻アプリはこちら🔻 https://t.co/ZDvy7Jen0O  #蓮ノ空 #リンクラ #lovelive https://t.co/E6jCWEN4mS
Fri Jan 24 09:30:15 +0000 2025,hasunosora_SIC,「Link！Like！ラブライブ！」運営チームです。  「104期 Fes×LIVE ラブライブ！決勝大会プレーオフ」および「104期 Fes×LIVE ラブライブ！決勝大会プレーオフ エキシビション」のロビーを開場しました。  ◆Fes×LIVEロビー開場期間 　1/24(金) 18:00 ～ 1/27(月) 17:59  【事前ダウンロードについて】
Tue Feb 25 03:01:18 +0000 2025,hasunosora_SIC,🚧メンテナンス終了🚧 本日のメンテナンスは終了しました。  メンテナンスへご協力いただき、ありがとうございました。  #蓮ノ空 #リンクラ #lovelive
Wed Jan 22 04:05:40 +0000 2025,hasunosora_SIC,"🪷 Link！Like！ラブライブ！ 🪷  🌼Wish for Blooming Together*🌸  🗣️現在集まっている支援数のご報告 📝3,000,000,000票を突破しました！  たくさんのご支援ありがとうございます🌟 引き続き応援よろしくお願いします！  #蓮ノ空 #リンクラ #lovelive https://t.co/cw93tSRUlx"
Fri Mar 07 08:30:00 +0000 2025,hasunosora_SIC,🪷商品情報🪷  KADOKAWAより、新グッズ予約受付開始のお知らせです♪　予約受付は3月27日(木)までですので、お見逃しなく！  https://t.co/6joQ4hfp6R  #蓮ノ空 #リンクラ #lovelive https://t.co/fDhl3bMjrw
Fri Feb 14 09:00:04 +0000 2025,hasunosora_SIC,ハッピーバレンタイン 🍫  #蓮ノ空 #リンクラ #lovelive https://t.co/vcpTNYVc37
Fri Jan 24 06:05:00 +0000 2025,hasunosora_SIC,🪷ライブイベント情報🪷 ラブライブ！#蓮ノ空 女学院スクールアイドルクラブ 103期Fes×ReC：LIVE ～first crossing～【追加公演】 Day.2 第2公演、開場しました✨ #蓮ノ空FesReC大阪Day_2 で盛り上がっていきましょう！    ▼チケット一般販売申込受付中（先着）📻 https://t.co/loofpDAYV9  #リンクラ https://t.co/pLUTsojoAw
Sat Jan 11 06:08:43 +0000 2025,hasunosora_SIC,🪷ライブイベント情報🪷 #蓮ノ空3rd神奈川Day2 トレンド1位ありがとうございます！ ライブはまさに始まったばかり！ 3rd LIVE Tour千秋楽！盛り上がっていきましょう！  ▼配信チケット販売中📻 https://t.co/0qungX08jJ  #リンクラ #lovelive https://t.co/Mg1br19IEq
Fri Mar 14 03:00:01 +0000 2025,hasunosora_SIC,"🪷公式4コマ🪷 りんく！らいふ！ラブライブ！104期  【第56話】  蓮ノ空女学院スクールアイドルクラブの日常を""ほぼ""リアルタイムにお届けしちゃいます！  作◆珠月まや( @mayamaya36 )先生  #蓮ノ空 #リンクラ #リンクラ4コマ #lovelive https://t.co/zKwbdho6hH"
Thu Feb 27 23:30:00 +0000 2025,hasunosora_SIC,🪷 #徒町小鈴生誕祭2025 🪷  小鈴のお誕生日のお祝い用の 写真フレームを配布いたします💛  ぜひお気に入りのスクリーンショットと 組み合わせて投稿してみてください🎨  #蓮ノ空 #リンクラ #lovelive https://t.co/NOPIVGqi96
Fri Jan 10 06:35:00 +0000 2025,hasunosora_SIC,🪷ライブイベント情報🪷 ラブライブ！#蓮ノ空 女学院スクールアイドルクラブ 3rd Live Tour TRI TRI UNITY!!! Day.1公演、開場しました✨ #蓮ノ空3rd神奈川Day1 で盛り上がっていきましょう！    配信チケット情報はこちら！🎫 https://t.co/0qungX0G9h  #リンクラ #lovelive https://t.co/ZP1XbH5eSD
Thu Feb 06 12:02:11 +0000 2025,hasunosora_SIC,✨本日の「With×MEETS」のご視聴ありがとうございました！✨  ぜひご感想は #With蓮ノ空 をつけて教えてください🪷  次回の「With×MEETS」は 2/8(土) 20:30配信予定です✅  #蓮ノ空 #リンクラ #lovelive https://t.co/6mDQ85gWvI
Wed Jan 22 10:58:00 +0000 2025,hasunosora_SIC,🪷 #リンクラ生放送 スタート！ 🪷  〜決勝大会プレーオフ直前！スペシャル〜  チャットやハッシュタグのポストで ぜひ生放送を盛り上げてください！！！  🔴生放送URL https://t.co/cgz5oBtC5F  #️⃣ハッシュタグ #リンクラ生放送  #蓮ノ空 #リンクラ #lovelive https://t.co/mQpYkj1xRI
Fri Jan 10 05:00:01 +0000 2025,hasunosora_SIC,🪷ライブイベント情報🪷 #蓮ノ空3rd神奈川Day1  会場にてライブグッズを販売中です！ チケットをお持ちでない方もご購入いただけます🎁  ぜひ、チェックしてください♪    ▼在庫状況はQOくんをご参考ください✅ https://t.co/BZUe5sx3ge  #蓮ノ空 #リンクラ #lovelive https://t.co/N64lhnzcKi
Fri Jan 10 03:40:00 +0000 2025,hasunosora_SIC,🪷商品情報🪷  シンクイノベーション株式会社より『ラブライブ！蓮ノ空女学院スクールアイドルクラブ』の新商品発売のお知らせです♪  詳細はこちら→https://t.co/qV5HDH5aec  #蓮ノ空 #リンクラ #lovelive https://t.co/z8Qcn8q40b
Sun Jan 12 15:15:57 +0000 2025,hasunosora_SIC,🪷Link！Like！ラブライブ！🪷  🎂Happy 17th Birthday to Dear Sayaka!  『2024 BIRTHDAY LIMITED COLLECTION -Sayaka-』開催中！  特別なレアリティ「BR」のカードが登場！お見逃しなく！  #村野さやか生誕祭2025 #蓮ノ空 #リンクラ #lovelive https://t.co/tANMXJZPui
Fri Sep 08 14:31:00 +0000 2023,NozomiNirei,こんばんは🌙  #せーはす #22 が公開されました！ いよいよ初代瞬発力クイーンが決定します！  一方の最弱クイーン決定戦は… ラーの再来🍜 甘やかしてくれたみんなとかんちゃんの優しさに救われました( ˊᵕˋ ;)💦ｱﾘｶﾞﾄﾈ #蓮ノ空  ちゅうもーん！
Wed Apr 03 14:52:15 +0000 2024,NozomiNirei,「抱きしめる花びら」と「STEP UP！」🪷  全く違う曲調の2曲、でもどちらもあたたかくて、感謝を胸に未来へと踏み出す曲です✨ 新生活が始まって期待と不安が入り混じる今の心に寄り添えたらいいな☺️  ぜひ聴いてくださったら嬉しいです🌸
Sat May 27 08:34:51 +0000 2023,NozomiNirei,昨日の #リンクラ生放送  ありがとうございました🪷  みんなでガチャ頑張りました！ 正式リリース版、これからたくさん遊んでくださると嬉しいです✨ #蓮ノ空美術部 もありがとうございます！🥹  ライブイベントも一緒に楽しみましょうね💛 https://t.co/eCIIrIY9mA
Fri May 31 12:10:28 +0000 2024,NozomiNirei,また本を沢山衝動買いしてしまったし、めちゃめちゃ面白い映画に出会ってしまった🎞️ 物語の風が吹いている…！- ̗̀(˶'ᵕ'˶) ̖́-
Fri Aug 30 05:19:07 +0000 2024,NozomiNirei,なかまふえた！！！ おにもふえた…
Wed Nov 22 14:55:27 +0000 2023,NozomiNirei,頑張ってちょっと伸ばした( ⋅֊⋅ )
Fri Jun 21 12:25:48 +0000 2024,NozomiNirei,ついにユニットでのライブ！💐🌕🎡 そして1月には“9人”で…！🪷  蓮ノ空のこと好き好きクラブの皆さんと笑顔満開の時間を作れるように頑張ります！  ⬇️詳細もチェックよろしくお願いします☀️
Mon Dec 16 13:54:53 +0000 2024,NozomiNirei,ついにコラボが始まりました！🍔  実は店内放送もさせていただいております…！😳  ぜひウェンディーズ・ファーストキッチンで聴いてみてね✨ #蓮ノ空
Sat Feb 10 10:02:08 +0000 2024,NozomiNirei,お披露目配信から、今日で1年が経ちました🪷 早いなぁ… 生放送での緊張にも、あの時から大分慣れてきた気がします(⑉･ ･⑉)  改めて、いつも応援してくださり本当にありがとうございます！ これからの日々も、一歩一歩、私たちと一緒に歩んでくださると嬉しいです🐰🧡
Fri Jun 21 12:23:58 +0000 2024,NozomiNirei,#せーはす お茶会その2！  幸せ空間で色々お話しして、ひーちゃんのことをたくさん知ることができた素敵な時間でした🥰  金沢弁教えてくれてあんやとぉ👘  ドキドキのはすぽチャレンジも🙌🎲 (先週言ってたとある変化は…パーカーの色でした！🧡) https://t.co/70Ja9D8hgz
Wed Apr 17 11:20:06 +0000 2024,NozomiNirei,「Dream Believers(104期ver.)」  本日発売です！  9人になった蓮ノ空、そして3人になったスリーズブーケ・DOLLCHESTRA・みらくらぱーく！の最初の一歩。  104期も、私たちと一緒に歩んでくださったら嬉しいです🪷 https://t.co/KlK4yC4wcI
Sat Jul 15 14:29:45 +0000 2023,NozomiNirei,本日のWith×MEETS、ご視聴いただきありがとうございました！  スペシャルゲストは、、、 瑠璃乃ちゃん！！✨  初めての配信とは思えないくらい元気で賑やかでとっても楽しかったです！🩷 #With蓮ノ空  アーカイブも公開されたので、ぜひぜひキュートな瑠璃乃ちゃんをチェックしてみてくださいね😊
Tue May 14 03:32:59 +0000 2024,NozomiNirei,「フォーチュンムービー」  リリックビデオ100万回再生突破！！🎉 たくさん観て聴いてくださり、ありがとうございますっ！ 私自身も大好きなこの曲が皆さんにも愛していただけていることが、本当に嬉しいです🥲✨  花帆ちゃんの運命の人は…👀🎞️  https://t.co/SjiDKvZoEK
Mon Feb 05 12:29:51 +0000 2024,NozomiNirei,🐰かほめぐ♡じぇらーと🪽  ぜひぜひ覚えてね♪ 慈センパイから“可愛い”をいっぱい学ぶんだ…！！ #With蓮ノ空
Mon May 20 15:00:39 +0000 2024,NozomiNirei,本日5/21、誕生日を迎えました🌼  兵庫公演であんなにもたくさんの方に直接おめでとうを言ってもらえた私は、本当に幸せ者です🍀 お祝いのメッセージも本当にありがとうございます🥲  感謝の心と初心を忘れず、色々なことに挑戦して、成長していけるよう頑張ります！  これからもよろしくね🕊️💛 https://t.co/oud2tdiWPo
Thu Jun 22 13:18:15 +0000 2023,NozomiNirei,ついに花帆ちゃん来てくれました…！！ 皆さんが頑張れってパワーをくださったおかげです！ありがとう😂💛  物欲センサー回避のために心を無にして、(   ˙-˙   )←この顔で回しました✨ #リンクラ  (やっと花帆ちゃんのUR引けた…嬉しい) https://t.co/IcQTwd3DCB
Sun May 21 15:00:45 +0000 2023,NozomiNirei,本日は…  日野下花帆ちゃんのお誕生日！💛🧡🐰  花咲きたい！ みんなの笑顔を花咲かせたい！ そんな想いで頑張っている花帆ちゃんに、私自身いつも元気をもらっているよ✨🌼 花帆ちゃんの目標を達成するために！私も頑張るね☺️  一緒に歩んでいこう🪷 #日野下花帆生誕祭 #リンクラ #蓮ノ空 https://t.co/yJxj3nFqqw
Wed May 17 12:55:30 +0000 2023,NozomiNirei,こんばんは🌙  先日の問題の答え合わせがまだでしたね💦 正解は…ユーフォニアムでした！  ヒントも無しに問題を出してしまって、ちょっといじわるだったかな？ごめんね🥹ぽわーんとした中低音が癒し…🫧 トランペットやクラリネットという声が多くて驚きです！ 全部演奏できたら楽しいだろうなぁ✨
Wed Feb 21 03:10:20 +0000 2024,NozomiNirei,事務所のインスタストーリーに載せていただいた、全身バージョンのお写真です！☃️ https://t.co/H5BCLDiBNw
Sun Jul 21 14:15:57 +0000 2024,NozomiNirei,『アオクハルカ』 リリックビデオが公開されました！💚🧡🩵  輝く青春が淡い色合いで描かれている、とても素敵な映像…✨  これが、104期のスリーズブーケ💐 #蓮ノ空 #lovelive
Wed Sep 18 10:56:46 +0000 2024,NozomiNirei,かわいい…！！🐰 このTシャツでコーデ組みたい(*ˊ꒳ˋ*)🧡
Tue Apr 30 13:13:23 +0000 2024,NozomiNirei,LoveLive!Daysを読みつつ(*´ч`*)  儚くも可愛い花帆ちゃんが…！💐  特典のブロマイドはツーショットのものをゲットしました！家宝にします✨ https://t.co/vHlKdvUskJ
Wed Jan 31 14:20:15 +0000 2024,NozomiNirei,🪷Special Thanks LIVE🪷 #Fes蓮ノ空at石川県立図書館  花帆ちゃんらしい、直球な歌詞。 ありがとうの気持ちが、言葉から、歌から、パフォーマンスから、たくさん届いていたら嬉しいです💐  “一緒に 花咲こうね！！”
Fri Mar 15 13:22:00 +0000 2024,NozomiNirei,焼肉＝幸せ☺️🍖  白いお洋服は無事守りきりました…！✨ #せーはす
Fri Mar 01 13:14:57 +0000 2024,NozomiNirei,ユニット甲子園組み合わせ抽選会、ありがとうございました💗  みんなの笑顔を花咲かせられるように、スリーズブーケとして全力でパフォーマンスさせていただきます！🍒💐  当日、会場も配信も！ 一緒に楽しみましょう！！  🪷日野下花帆役 楡井希実(にれいのぞみ) https://t.co/rllbV568Ny
Fri Jan 26 14:38:32 +0000 2024,NozomiNirei,#せーはす みらぱ尊い🩷🤍 かんちゃんが見せてくれたシール手帳可愛いかった(*ˊᵕˋ*) こなちにスキーとスノボ教えてもらいたいな❄️  次回はお料理…！
Fri May 10 14:27:59 +0000 2024,NozomiNirei,前回(当時の)1年生ズで参加させていただいたとき、すっっごく楽しかったんだ… ⚽️🦅✨ https://t.co/KGXIcVF06L
Fri Nov 24 21:51:41 +0000 2023,NozomiNirei,花帆ちゃんと！みんなと！頑張るぞ！！🪷☀️🐰
Tue Jun 06 12:49:01 +0000 2023,NozomiNirei,「水彩世界」衣装🌱  清楚なふわふわスカートに和風の帯が可愛い😊 髪飾りとイヤリングは、花帆ちゃんと梢センパイでちょっとずつ違うんですよ♪  フラワー！🌼 https://t.co/LQkHLUsCMZ
Thu Nov 28 14:32:02 +0000 2024,NozomiNirei,みんなの言いたくても言えない気持ちを叫ぶ、ビッグボイス選手権！❤️💛🩷🧡 綴理センパイ、素敵な機会を作ってくれてありがとうございます☺️ #With蓮ノ空
Mon Jan 15 12:47:08 +0000 2024,NozomiNirei,さやかちゃんさやかちゃん！
Thu Nov 16 15:00:19 +0000 2023,NozomiNirei,綴理センパイ、お誕生日おめでとうございます！！🐧🎉🎂🍫🍖🥟 #With蓮ノ空
Thu Feb 29 14:59:59 +0000 2024,NozomiNirei,#Fes蓮ノ空2月度ライブ  ありがとうございました！！  それぞれのスクールアイドルのかたちが表現された、とても素敵なライブでした✨ 瑠璃乃ちゃん、提案してくれてありがとうね☺️  💛かほめぐ♡じぇらーと🤍のマニフェストに賛成の方は、ぜひかほめぐ党に1票を！！
Mon Jul 31 14:43:16 +0000 2023,NozomiNirei,103期7月度Fes×LIVE ありがとうございました！🪷  「眩耀夜行」と「Mirage Voyage」を、それぞれのユニットで初披露させていただきました🌟  瑠璃乃ちゃんが加わって初めてのFes×LIVE、一緒にパフォーマンスできて本当に嬉しかった🩷 #Fes蓮ノ空 #リンクラ  花帆ちゃんの願い、叶えるために頑張るよ✨
Tue Jun 20 14:57:46 +0000 2023,NozomiNirei,こんばんは🌙  #リンクラ 頑張ってガチャを引いているのですが、花帆ちゃんがぜんっぜん来てくれません！！(;-;)🐰 なんでー？！ 梢センパイがいっぱい来てくれるのは嬉しいんだけど、、🥲  大好きな雪見だいふくを食べて、めげずに回します🔥 これとってもおいしいです…！ https://t.co/zUJbRW2Yud
Thu Jan 11 14:22:58 +0000 2024,NozomiNirei,新年最初のWith×MEETS、ありがとうございました！  決意新たに、ここからまた一歩ずつ歩んでいく蓮ノ空女学院スクールアイドルクラブを、ぜひ見守っていてくださると嬉しいです☀️  #With蓮ノ空  花帆…！
Tue Mar 12 13:26:33 +0000 2024,NozomiNirei,延長戦では、初めてヘッドセットをつけました！  両手を使って思いっきり踊れて、皆さんにたくさん手を振ることができて、とっても楽しかったです！☺️  蓮ノ空はいつもハンドマイクを使っているので、先輩方とお揃いになれたっていうのも嬉しい…💛 #ユニット甲子園  #lovelive https://t.co/zOkyaShwfp
Sun Dec 03 13:04:58 +0000 2023,NozomiNirei,東京公演のリハの時です📸 異次元フェスのリハもゼッケンを着て頑張ってます！ ついに来週…楽しみ…(*´˘`*) https://t.co/BjLA7YPRpr
Wed Jul 05 14:47:22 +0000 2023,NozomiNirei,こんばんは⭐️  先日、ういちゃんと一緒に「ラブライブ！シリーズ」×キュアメイドカフェ テイクアウトコラボカフェに行ってきました💖 ドリンクはもちろんこちらの3種を！ カードは憧れの先輩方が来てくれました✨  シリーズの1ユニットとしてコラボさせていただけて、本当に嬉しいです🥹 https://t.co/UqVhPKkem6
Mon Jul 24 14:31:01 +0000 2023,NozomiNirei,本日のWith×MEETS、ご視聴ありがとうございました！  初めての1年生3人配信！⏰🔋🐰 いろんなお話ができて、楽しすぎて時間が経つのがあっという間でした‼︎ #With蓮ノ空   トマティー🍅👀
Mon Sep 04 13:17:02 +0000 2023,NozomiNirei,蓮ノ空に、花帆ちゃんたちに会いに来てくれて、本当にありがとうございました！🪷  メッセージもこんなにたくさん！ 嬉しいです…超拡大して一つひとつ読んでいます！🥹  ここでの思い出が、皆さんの心にずっと咲き続けますように！🌼
Fri Feb 02 12:17:04 +0000 2024,NozomiNirei,2月8日(木)発売の、声優グランプリ3月号の表紙が解禁されました！  『LoveLive! Series Presents ユニット甲子園2024』ということで、スリーズブーケとして水彩世界の衣装です💐🧡  ユニット衣装姿の先輩方が尊くて…撮影は緊張しっぱなしでしたが、とっても楽しくて幸せでした！😊 #lovelive
Sun May 28 13:14:00 +0000 2023,NozomiNirei,こんばんは🌙  この間は、皆さんのおすすめ映画を教えてくださりありがとうございました！ 気になる作品がたくさんでどれから観ようか迷い中です…！  ちなみに私の好きな映画の幾つかを絵文字で表すと、🪄、🤖💥👍、🚨💥、🏫🎭、🎸🔙🚗、⭐️、🎪、🧞‍♂️、💍📖…とか、かな？  解読してみてくださいね☺️
Fri Sep 08 10:51:04 +0000 2023,NozomiNirei,ぴょんぴょん集結🐰 https://t.co/figmFNsrvd
Sat Jul 01 14:56:12 +0000 2023,NozomiNirei,本日のWith×MEETS、ご視聴いただきありがとうございました！  みんな一緒なら、信じ合って、支え合って、過去を乗り越えて前を向ける！ 撫子祭を通して、スクールアイドルクラブの絆がより深まりました🪷  これからも頑張るぞ！✨
Sat Jul 22 03:24:05 +0000 2023,NozomiNirei,こんにちは☀️  バッティングも卓球も、ふたりが仲良くわちゃわちゃ楽しんいるのがとっても可愛かったですね🥰  今回のみらくらぱーく！のVlog風動画を見て、私もバッセンに行ってみたくなりました✨ #せーはす
Wed May 17 01:31:25 +0000 2023,NozomiNirei,Aqoursさんの 「君のこころは輝いてるかい？」 を、スリーズブーケでカバーさせていただきました。  大好きで憧れの先輩方の楽曲、花帆ちゃんとして大切に想いを込めて歌わせていただきました。  ぜひ聴いてみてくださると嬉しいです⛵️🌻  「ちっぽけな自分が どこへ飛び出せるかな」
Sat Dec 02 13:29:16 +0000 2023,NozomiNirei,※あれは台本です本当は私もみんなの萌え袖写真超見たいです！！！ ＿|＼○＿
Sat Jun 15 14:44:05 +0000 2024,NozomiNirei,梢センパイ、18歳のお誕生日おめでとうございます🎂  花帆ちゃんがスクールアイドルになるきっかけをくれた、大切な人✨ 学年が上がってからも変わらず側で成長を見守っていてくれてありがとうございます💚 梢センパイにとって、幸多き1年となりますように💐 #乙宗梢生誕祭2024  #With蓮ノ空
Thu Jun 20 13:40:47 +0000 2024,NozomiNirei,#With蓮ノ空  ライバルであり親友であるふたり✨ 真剣勝負の最中にも仲の良さが伝わってきました🥰 照れちゃうさやかちゃん可愛いね💙  配信終わった後に一緒にリリックビデオ観てたのも🫶
Sun Oct 15 12:38:47 +0000 2023,NozomiNirei,こんばんは⭐️ ここ最近、街を歩いていると金木犀の香りが漂ってきますね…！ 癒される…✨  あと、私のことなんて呼んだらいいか迷っている方へ 「のんすけ、のんちゅけ、ちゅけ、楡井ちゃん」etc… 私を呼んでくれる声は全部嬉しいので、いつでも好きな呼び方で呼んでくださいね☺️☀️ https://t.co/blVPKYL0JC
Sat Sep 16 13:19:45 +0000 2023,NozomiNirei,With×MEETS、ご視聴いただきありがとうございました！  あっという間に過ぎた半年… 最強の梢センパイと一緒に、これからも頑張っていくぞー！💐✨  「ゆのくに天祥」さんの仲居さんのお着物姿、みんな可愛かったですね☺️ #With蓮ノ空
Thu Jun 15 14:05:39 +0000 2023,NozomiNirei,本日のWith×MEETS、ご視聴ありがとうございました！  大好きな梢センパイのお誕生日を皆さんと一緒にお祝いすることができて、本当に嬉しかったです！☺️  改めて、お誕生日おめでとうございます！🎂💚 スリーズブーケの一員として、これからもセンパイの隣に居させてください✨ #乙宗梢誕生祭2023
Thu Dec 21 14:54:14 +0000 2023,NozomiNirei,結那ちゃんがサンタさんのキャンディーをくれました🎅✨  ありがとう！(˶´ᵕ`˶) https://t.co/QVClaAX6VH
Wed Sep 06 14:09:08 +0000 2023,NozomiNirei,こんばんは⭐️  雪見だいふくのお月見バージョン‼︎ 花帆ちゃん色🌕  おいし(*´༥`*) https://t.co/ZC3HzewahZ
Tue Dec 12 06:55:35 +0000 2023,NozomiNirei,#Aqours 伊波さんと！🍊  お写真を撮っていただきました‼︎😭 異次元フェス2日間を通して、グループを引っ張っていく存在として大先輩である伊波さんから、たくさんのことを学ばせていただきました。  本当にありがとうございました！ #アイラブ歌合戦 #異次元フェス https://t.co/bqbPiqQFMr
Sat Jun 10 13:39:44 +0000 2023,NozomiNirei,本日のWith×MEETS『入学して２ヶ月経ちました』ご視聴ありがとうございました！⏰🐰  毎日色々なことがあって、日々が過ぎていくのがあっという間！ だからこそ、みんなと一緒に1日1日を大切に過ごしていきたいです✨  これからもよろしくね☺️ #With蓮ノ空
Wed Nov 08 13:44:10 +0000 2023,NozomiNirei,『異次元⭐️❤️BIGBANG』のMV公開…！  花帆ちゃんとして、ラブライブ！の先輩方が、そしてアイドルマスターの皆さんが築いてきた歴史に恥じないよう、誠心誠意歌わせていただきました！ #異次元フェス #アイラブ歌合戦 #idolmaster #lovelive
Thu Nov 09 15:15:04 +0000 2023,NozomiNirei,明日から寒いって…雨も降るって… 風邪ひかないように気をつける (｀･-･´)౨ 皆さんもあったかくしてくださいね！ おやすみなさい🌙
Wed Oct 18 14:19:56 +0000 2023,NozomiNirei,紹介中の早送り部分は、ぜひLink！Like！ラブライブレード！をゲットして確かめてみてくださいね😚 一つひとつの色の名前がとても美しいんですよ✨  わくわく…ドキドキ…！🐰🪷 https://t.co/Z4GB7mxSyL
Sat Dec 21 14:36:13 +0000 2024,NozomiNirei,#蓮ノ空ファンミDay1   会場・配信で参加してくださった皆さん ありがとうございました！！💐  どこを向いても蓮ノ空のこと好き好きクラブの皆さんがいてくれて、凄く嬉しかったです！✨ 明日も全力で頑張ります！  🤍ハッピー至上主義！🧡  日野下花帆役　楡井希実🐰 https://t.co/lQvVsqaLei
Sat Mar 09 01:52:15 +0000 2024,NozomiNirei,相方にもらいました ありがとう💐 https://t.co/F67Uk8TfAU
Wed Mar 27 13:13:21 +0000 2024,NozomiNirei,本当に幸せで夢のような時間を過ごさせていただきました･･･感無量です。 ありがとうございました…！
Sat Jun 03 02:33:21 +0000 2023,NozomiNirei,せーはす！#8 が公開されました！ (;`ｰ´)o／￣￣🐟ってジェスチャーが見えたような…？気のせいかな🤭 個性豊かなメンバーたちのおかげで、毎回大爆笑が生まれます✨  ぜひ観てみてくださいね🪷
Mon Mar 11 12:52:46 +0000 2024,NozomiNirei,少しずつ思い出を載せていきます💗
Fri Apr 19 14:30:18 +0000 2024,NozomiNirei,いよいよ明日から蓮ノ空2nd Live Tourが始まります…！ わくわくそわそわ…でも早く寝なければ…  花帆ちゃんと一緒に、みんなの笑顔を花咲かせられるよう頑張ります🐰☀️  おやすみなさい💤 https://t.co/DrxKHMTmiG
Tue Aug 29 14:21:19 +0000 2023,NozomiNirei,こんばんは🌙  今日はたまたま立ち寄った本屋さんでとても魅力的な本と出会って、即お迎えしちゃいました！ そして、もうすぐ私が小学生の時から大大大好きな本の日本語版新刊が発売されます…🥹 どっちも読むのが楽しみだー！！✨  同じく今日出会った激かわボリス🐻 https://t.co/QPwCRa1Lal
Fri Apr 19 13:58:34 +0000 2024,NozomiNirei,累計視聴(者)数言えないよね！ わかる！仲間だ！！🤣  リニューアルした #せーはす も、どうぞよろしくお願いします🪷✨
Sat May 04 13:22:09 +0000 2024,NozomiNirei,#With蓮ノ空  背景の変え方がわからないので、皆さんが作った世界を見て楽しんでいます！✨ どの綴理センパイも可愛いし、皆さん編集上手すぎて👏😳
Fri Sep 15 13:25:46 +0000 2023,NozomiNirei,こんばんは⭐️  #せーはす #23 が公開されました！ タイムボム難しかった…けど、超楽しかったです✨ 瞬発力クイーン決定戦は早々に退場してしまったので、今回は意気揚々とゲームに挑んでおります⸜( ˶´ᵕ`˶ )⸝♪ さてさて、嘘が上手いのは誰でしょう？ #蓮ノ空
Mon Oct 02 13:38:12 +0000 2023,NozomiNirei,この秋冬を一緒に過ごすミッフィーちゃんをお迎えしました🐰👑 ⸜( ˶´ᵕ`˶ )⸝ https://t.co/gnri1RXuew
Sat Oct 05 13:13:52 +0000 2024,NozomiNirei,ちーむわーくりょくちぇっく！！！！！  ちゃんと言えるもん(／-＼*) #せーはす
Mon Jan 08 12:01:11 +0000 2024,NozomiNirei,新成人の皆様、おめでとうございます！ 皆様に輝く未来が待っていることを祈っております💐
Fri Mar 08 12:46:20 +0000 2024,NozomiNirei,いよいよ明日…！ わくわく(*´˘`*) #lovelive #蓮ノ空 https://t.co/xImJP2iJBx
Wed Oct 23 13:31:12 +0000 2024,NozomiNirei,"グッズ全部可愛い‼︎ブックスタンド✨ コラボメニューはそれぞれのユニットメンバーらしい食べ物がいっぱいでどれもおいしそう…(,,•﹃•,,)💕  26日のイベントも、一緒に楽しもうね📚"
Fri May 17 14:31:41 +0000 2024,NozomiNirei,明日から兵庫公演🪷 みんなの笑顔が満開に花咲くように、花帆ちゃんと一緒に頑張ります❀(*´▽`*)❀ https://t.co/7h69mfQiGu
Mon Dec 04 14:08:06 +0000 2023,NozomiNirei,#With蓮ノ空  ありがとうございました！  ビーストテイマー花帆ちゃん…🐰🐱 みんなといろんな想像ができて、花帆ちゃんもとっても楽しそうでした！ 最強のパーティー✨  #蓮ノ空美術部 の皆さん…お願いします！🎨
Wed Jul 17 13:15:26 +0000 2024,NozomiNirei,"蓮ノ空女学院スクールアイドルクラブ3rdシングル💿 「Bloom the smile, Bloom the dream!」 本日発売です！🪷  今までとこれから、そして“今この瞬間”への蓮ノ空の想いが込もった大切な曲たち。 たくさん聴いていただけたら嬉しいです😊 フラワー！！🌼 #蓮ノ空"
Mon Dec 11 13:59:53 +0000 2023,NozomiNirei,2週連続のソロ配信ありがとう🐰 みんなとたくさんお話できて嬉しい！楽しい！って花帆ちゃんの気持ちが伝わっていたら嬉しいです☺️  異次元フェスで蓮ノ空を知って初めて配信を観てくださった方も、本当にありがとうございました！ 少しでも蓮の魅力が届いていますように！✨
Fri Jun 21 12:25:25 +0000 2024,NozomiNirei,"虹ヶ咲学園スクールアイドル同好会さんの 🌈NEO SKY, NEO MAP!🌈  誠意を持って、大事に歌わせていただきました！  “夢見て憧れて また夢が見たいんだ” 大好きなフレーズです☂️ #虹ヶ咲  #蓮ノ空"
Sun Apr 14 15:02:12 +0000 2024,NozomiNirei,安養寺姫芽ちゃん役のりんちゃんと！💜🧡  とっても優しくて、でもちょっと抜けてる面白さはやっぱりみらぱ！だなぁ😊 お写真、花帆ちゃんの前で撮ってくれました…✨  これからよろしくね！🎡 #リンクラ生放送ようこそ104期 https://t.co/j4HJvodFww
Sat Jun 17 03:44:20 +0000 2023,NozomiNirei,こんにちは☀️  せーはす！#10 が公開されました！ 今回はスリーズブーケがお料理！ うい様の圧倒的手際の良さ…カッコ良すぎて惚れちゃいます✨  頑張ったので、ぜひぜひチェックしてみてくださると嬉しいです！🪷🐣 #蓮ノ空 #せーはす https://t.co/eSGH0otcZ6
Fri Nov 29 13:48:29 +0000 2024,NozomiNirei,ナンジャタウンにお邪魔させていただきました！ 楽しすぎたー！！✨ 3人でずっと笑い合ってて、すっごく幸せな時間でした🥰  パワー！！！(•'-'•)و✧  (ベルト、実はひーもお揃いなんです👘🦖♡) #せーはす
Fri May 24 14:01:24 +0000 2024,NozomiNirei,🌻 https://t.co/C5x5A1FMIX
Tue Sep 12 13:26:35 +0000 2023,NozomiNirei,こんばんは🌙  秋ってなんでこんなにも食べ物がおいしいんだろう…？ おいもや栗のスイーツが大好きなので、今日はミスタードーナツのさつまいもドを食べました🍠 生フレンチクルーラーも‼︎ どっちも超おいしかった…幸せ…😊 https://t.co/FG71qrzxzL
Wed Jan 08 15:20:07 +0000 2025,NozomiNirei,ご視聴いただきありがとうございました🪷  花帆ちゃんを通してみんなの花咲いた笑顔を見ることができるのが、凄く幸せなんだよ💐 #蓮ノ空3rdスリブ
Sun Dec 31 12:48:27 +0000 2023,NozomiNirei,2月にデビューさせていただいて、 花帆ちゃんと一緒にたくさんのことに挑戦して、 応援してくださる皆さんと出会えて。 2023年はとても実りある1年でした✨  本当にありがとうございました！  素敵な年末年始をお過ごしくださいね🌼 https://t.co/u7e6gS0Iof
Mon Aug 14 13:26:23 +0000 2023,NozomiNirei,こんばんは🌙 かんちゃんが写真撮ってるところにｽｽｽｯって近寄ると、一緒に撮ってくれます ﾔｻｼｲ(*ˊᵕˋ*) https://t.co/izORAv4nrE
Sat Oct 26 10:54:13 +0000 2024,NozomiNirei,ツエーゲン金沢さんの勝利！ おめでとうございます！👏😭✨  試合観戦中も廣井さんと辰巳さんがいろいろなことを教えてくださり、今まで以上にサッカー観戦が楽しくなりました！🔥 試合に勝った喜びを一緒に感じられて嬉しかったです！！🙌  本日は本当にありがとうございました！ #zweigen https://t.co/KjHSzhZULE
Thu Jul 20 14:02:35 +0000 2023,NozomiNirei,#リンクラ生放送  ありがとうございました！🪷  絶好調だったなっすちゃん、300スシカ🍣(SIsCa)ゲット！頑張ってくれてありがとう！ しばらく思い出してツボっちゃいそうですꉂ(ˊᗜˋ*) 今回も最高に楽しかった！☺️  #蓮ノ空美術部 素敵なイラストをありがとう✨  withねそべりちゃん🌼 https://t.co/F9nyHv7cKO
Sat Aug 10 13:34:47 +0000 2024,NozomiNirei,ルリすずの語り上手すぎ…😱😱😱 花帆ガード( ´ㅁ` ;) #With蓮ノ空 https://t.co/2PPOcKBLHh
Fri Dec 01 14:31:12 +0000 2023,NozomiNirei,『CHANGE‼︎‼︎』 アイドルマスター 765PRO ALLSTARS  蓮ノ空女学院スクールアイドルクラブでカバーさせていただきました🪷 本当にありがとうございます！  プロデューサーの皆様にずっとずっと愛されている曲…日野下花帆として精一杯大切に歌わせていただきました！
Sun Dec 22 02:20:12 +0000 2024,NozomiNirei,その後決まったポーズがこちら🦖🐰 https://t.co/MzDIJ1436l
Fri Feb 16 12:55:44 +0000 2024,NozomiNirei,映画観ながら食べてます☺️ おいしい！！！ https://t.co/n1PC5TH1vB
Sat Jul 29 06:08:45 +0000 2023,NozomiNirei,☀️#サマステ 音楽LIVE ありがとうございました！  熱い太陽に負けないくらい、皆さんの笑顔がキラキラ眩しくて最高でした！ 会場でも配信でも、参加してくださり本当にありがとうございます！🌻  夜は花帆ちゃんたちの番！ いっぱい水分取って、備えてくださいね☺️#バズリズムライブV https://t.co/CxQnDfbi4h
Mon Sep 02 14:46:49 +0000 2024,NozomiNirei,改めて 瑠璃乃ちゃん、お誕生日おめでとう！🎂  誰よりも優しくてあたたかい心の持ち主🩷🔋 素敵な一年になりますように✨ #大沢瑠璃乃誕生祭2024 #With蓮ノ空
Wed Jun 05 12:24:56 +0000 2024,NozomiNirei,つむちゃんがプレゼントしてくれた 手作りの水彩世界ポーチ💐  凄いっ…！ありがとう😭💜 宝物が増えました✨ https://t.co/PgGUFaz4Gs
Sat May 20 15:00:04 +0000 2023,NozomiNirei,本日、誕生日を迎えました！🎂  今1番の幸せは応援してくださる皆さんと出会えたこと。 私と出会ってくださり、本当にありがとうございます！ これからの活動を通じて、皆さんと一緒に心に残る思い出をたくさん作っていきたいと思っております🌼  改めて、どうぞよろしくお願いいたします💛 https://t.co/xjfftTM9cf
Tue Oct 24 11:05:51 +0000 2023,NozomiNirei,ういちゃんお誕生日おめでとう🧜‍♀️💚 大好き！これからもよろしくね！  一緒に撮ったお写真たちは、私だけの宝物🌼 #花宮初奈生誕祭2023
Sun Nov 26 13:54:08 +0000 2023,NozomiNirei,#蓮ノ空1st愛知Day2  花帆ちゃんと、メンバーみんなと、蓮ノ空のこと好き好きクラブの皆さんと一緒に駆け抜けた1stライブツアー！🪷 たくさんの笑顔が花咲いている景色を見せてくれてありがとう🧡💛  これからの日々も、よろしくね🐰☀️  今この瞬間を大切に！ https://t.co/X1A1i4L7O3
Thu Jan 09 12:54:53 +0000 2025,hinata__ba,ご視聴ありがとうございました❣️ いよいよ放送は明日です✨ 現場はにぎやかに！本編はシリアスに！ 放送をお楽しみに💭 #ユーベルブラット #UbelBlatt
Tue Nov 19 07:19:16 +0000 2024,hinata__ba,昨夜はご視聴ありがとうございました🌟 ほっこりと白熱のこらぼだったね！？ どら焼き食べたくなっちゃったよ〜〜🤤 どらマリトッツォ............ナゼ....... 来月もお楽しみにー！🫶🏻🫶🏻 #もこげー
Wed Nov 06 13:32:32 +0000 2024,hinata__ba,【📢お知らせ📢】 新しい音楽プロジェクト、M学園（仮）にて くりりんこと「栗田りん」を演じさせていただきます🎨✏️ これから始まる物語、楽しみにしていてください🌟 #MARUMOCHI #HoneyWorks
Fri Dec 20 08:40:30 +0000 2024,hinata__ba,"【📢お知らせ】 #バチャガ  ""終末系ビジュアルノベルゲーム"" 『VIRTUAL GIRL @ WORLD'S END』 にて「リンカ / 片瀬凛」役を演じます🌟 続報は来年1月13日開催予定の 「#ブシロード 新春大発表会2025」を お待ちください🎶 公式HPはこちら⬇️ https://t.co/Yu2IZ9RQCy"
Tue Dec 24 15:54:16 +0000 2024,hinata__ba,メリクリ（便乗） https://t.co/nO1jQBPc3c
Wed Jan 01 04:11:14 +0000 2025,hinata__ba,あけましておめでとうございます㊗️ 今年もがんばるぞ〜！自分のペースで！
Wed Dec 11 11:17:56 +0000 2024,hinata__ba,リリイベ3日目の東京お渡し会の後は 公開生放送の #立花準備室 です📺🎶 会場でも配信でもよろしくお願いします✨ お手紙も大募集中〜✉️🎶 たくさん待ってまーす✌🏻
Mon Dec 23 10:10:00 +0000 2024,hinata__ba,M-1グランプリ内で放送されたCMにて サトノダイヤモンド役として こちら歌わせていただきました💎✨🎶 #ドライブイン鳥佐賀店 #ウマ娘 #M1
Mon Dec 23 10:16:50 +0000 2024,hinata__ba,今月の #ひまなっつ はクリスマス🎅🏻🎄 25日の21時から生放送です🌻
Thu Oct 31 05:00:53 +0000 2024,hinata__ba,ほえ〜！すごい！楽しみ！ 解釈が広がりますね！ #ネコたん
Sun Oct 27 08:28:44 +0000 2024,hinata__ba,本日は「検証TV！秋の検証祭り2024」🍂 夜の部にゲスト出演させていただきます💨 当日券や配信もありますので、 是非そちらもよろしくお願いいたします🌟 #検証TV https://t.co/CfYD0nKSZe
Wed Nov 06 06:08:01 +0000 2024,hinata__ba,再販なし限定レアオンラインガチャ🌟 今回はアーミアちゃんです🪄 ぜひチェックしてみてください！ #ガチャキング
Thu Nov 14 09:56:44 +0000 2024,hinata__ba,うわあ〜〜〜〜〜👑🕊️ #imas_cg
Sat Oct 19 12:32:13 +0000 2024,hinata__ba,夜の部もありがとうございました🌟 今年もこうしてイベントができて本当に良かった！✨ 相変わらずゆるゆるの番組ですが、 これからももこげーをよろしくお願いします❤️‍🔥 りおちゃんとはなちゃんはやっぱりゲーマーでした🙆🏻‍♀️ #もこげー #もこメント
Tue Dec 17 10:41:53 +0000 2024,hinata__ba,セールだったり季節外れのタイミングだったり逆に新作のタイミングで衣装用にキャライメージの色の服買ったり、私服用に安くなってる服買ったりするんだけど、届いてもすぐ開けないから気づいたら大量の段ボールの中にまだ着てない服がすんごく溜まってた。そっと今カートに入ってた分とさよならした。
Sun Dec 15 04:28:25 +0000 2024,hinata__ba,本日17時より #ユーベルブラット  先行上映会にピーピ役で出演いたします🌟  ユナイテッド・シネマ豊洲で お待ちしております🙇🏻‍♀️☺️  https://t.co/wRKmHgRjKf
Mon Nov 04 02:10:14 +0000 2024,hinata__ba,「チルタイム〜ゆるうと美容室でひと休み」 の試聴音源が公開されました🌟✂️
Tue Oct 22 13:27:43 +0000 2024,hinata__ba,今月のひまなっつは明日23日21時から💨 なんか今年はいままでと違う予感...⁉️🎃 （まなつの粋な提案さまさまです。） #ひまなっつ
Sat Nov 16 17:00:46 +0000 2024,hinata__ba,はじまりました！ #その治癒師
Wed Oct 30 10:58:33 +0000 2024,hinata__ba,今日は #もこげー 🧸🎮💖 このあと20時から生放送です💨
Sat Dec 07 18:31:37 +0000 2024,hinata__ba,今週もご視聴ありがとうございました！ ラルマさんの危機...💦 そしてナルセーナにも危機が...❗️ 激おこナルちゃんかっこよかった✨ 来週もよろしくお願いいたします🙇🏻‍♀️ #その治癒師
Fri Dec 20 06:51:03 +0000 2024,hinata__ba,今回の4thブルーレイは豪華版、特別版、 通常版の3種類でお届けします🌱✨ いちばん豪華な豪華版はこんな感じ！ これにプラスしてまなつと立花、2人との お話会に参加できる申し込み用紙も 入っております🌻🌻 すごいねえ！ 3人で話すってどんな感じなんだろう⁉️ #ひまなっつ
Tue Dec 17 11:50:34 +0000 2024,hinata__ba,「鉄扇のマルノックス」登場です🌟 マルノックスに引き続き演じさせていただきました‼️ よろしくお願いいたします🙇🏻‍♀️💭 #ツリーオブセイヴァーM #TOSMJP
Thu Oct 31 03:57:54 +0000 2024,hinata__ba,テウトさんの実装を記念して、 お祝いコメントを収録させていただきました❤️‍🔥 これからよろしくお願いします🍂 #エーテルゲイザー #エテゲザ
Wed Nov 27 08:55:23 +0000 2024,hinata__ba,新年もday①両部です〜〜☀️ #シーサイド新年
Sat Nov 16 12:00:11 +0000 2024,hinata__ba,"うお〜〜どのテウトさんもそれぞれの""良さみ""がありますなあ⁉️⁉️アドミンの皆さんはどのテウトさんが特にお好きですか⁉️⁉️もちろんどのテウトさんも好きだとは思いますが‼️‼️アドミンさんのお好きなテウトさんを教えてください‼️‼️ #エーテルゲイザー #エテゲザ"
Sat Dec 21 11:15:59 +0000 2024,hinata__ba,そしてわたしたちキャストが出演するライブもこんな風に盛り上がったりコールしたりしてくれてるのかなって思ってすごく嬉しくなりました☺️☺️💭やっぱり現地も配信もアーカイブも全部それぞれ良さがあって素敵ですね❕❕❕
Sat Dec 14 11:24:59 +0000 2024,hinata__ba,#立花準備室 公開生放送ありがとうございました🌷 お渡し会からほくほくな状態での放送☺️✌🏻 ひとりでの放送とはまた違う空気感だったけど 配信で見てくれるみんなも楽しんでくれたかな❔ まだもう少しリリイベは続きます❤️‍🔥 28日もよろしくお願いします🙇🏻‍♀️🌟
Sat Nov 16 07:15:54 +0000 2024,hinata__ba,イベントのグッズラインナップが解禁✨ 可愛らしく使いやすい気がしてます‼️ 限定のコンプリートセットも...❤️‍🔥🎅🏻 ぜひチェックしてみてくださいね💭
Mon Oct 14 13:43:39 +0000 2024,hinata__ba,ご視聴ありがとうございました‼️ 2ndカップリング曲「TOKIMEKI」❤️‍🔥 たくさん聴いていただけたら嬉しいです！ #立花準備室
Sat Nov 02 17:37:41 +0000 2024,hinata__ba,ご視聴ありがとうございました👊🏻✨ ラルマさん初登場でした🔥 来週もよろしくお願いいたします🙇🏻‍♀️⚔️ #その治癒師
Sat Nov 30 11:56:32 +0000 2024,hinata__ba,このあと生放送です💨#その治癒師
Mon Nov 04 14:57:56 +0000 2024,hinata__ba,ご視聴ありがとうございました‼️❤️‍🔥 改めて、ライブ楽しかったですね！！！ ライブ直後の気持ちをみんなと話せて すごく幸せないちにちでした❣️ 次に会えるのは12月1日！よろしくね🎈 #立花準備室
Thu Nov 14 10:00:49 +0000 2024,hinata__ba,今日はくりりんちゃんのお誕生日㊗️🌟 おめでとう〜〜〜〜💨💨💨 これから始まる物語！たのしみ！
Sat Dec 14 09:31:22 +0000 2024,hinata__ba,東京での最後のお渡し会ありがとうございました❤️‍🔥❤️‍🔥❤️‍🔥 この後は19時から #立花準備室 公開生配信です💨 よろしくお願いします🌟🙇🏻‍♀️
Thu Jan 09 12:56:47 +0000 2025,hinata__ba,放送開始まであと１日‼️💭 1月10日24時30分より放送です🌙 #ユーベルブラット #UbelBlatt
Wed Oct 23 09:47:55 +0000 2024,hinata__ba,「PlayStation presents NTレディオ#50」 ゲスト出演させていただきました💨💨 たくさんお話しさせていただきましたよ！ ぜひチェックしてみてくださいね🌟 #Spotify
Fri Nov 15 13:25:44 +0000 2024,hinata__ba,昨夜はご視聴ありがとうございました❣️ ふたりともおでこだよ〜〜☀️ #ひまなっつ
Sat Dec 14 16:50:15 +0000 2024,hinata__ba,"久川凪さんのパフォーマンス、拝見させていただきました。14歳のJCアイドル。不思議なペースのアイドル。とっても華奢な手足を可愛らしく動かして踊るアイドル。MCも歌も""らしさ""を感じるアイドル。実在性久川凪、というか久川凪の実在でした。 #アイマスEXPO_ライブ_DAY1 #アイマスエキスポ #imas_cg"
Wed Dec 25 10:35:42 +0000 2024,hinata__ba,凪さんと新年を迎えるご準備を...🐟♡ #デレステ
Sun Dec 15 12:18:57 +0000 2024,hinata__ba,放送直前PVも公開されました！ 来年2025年1月10日放送開始🌙 prime videoにて全世界独占配信🌟 よろしくお願いいたします🙇🏻‍♀️ #ユーベルブラット
Sun Dec 08 03:55:09 +0000 2024,hinata__ba,本日は大阪でのお渡し会です💨 リリイベ2日目もよろしく〜🌷✨
Tue Nov 26 09:58:45 +0000 2024,hinata__ba,いっぱいサイン書きました！🐷🤍 みんなのもとに届け〜ぶたちゃんサイン！ #Room612
Tue Dec 31 07:32:46 +0000 2024,hinata__ba,3rd single「Stella」試聴動画公開🌟 ぜひたくさん聴いてくださいね💭 #ユーベルブラット
Mon Nov 04 02:09:07 +0000 2024,hinata__ba,グッズの販売は本日まで❣️ ぜひチェックしてみてくださいね🌟 #もこげー #もこメント
Tue Dec 31 04:42:20 +0000 2024,hinata__ba,本日仕事納めアンド始めです‼️ 2024年ありがとうございました〜〜✌🏻
Fri Nov 08 11:42:53 +0000 2024,hinata__ba,太もものほくろ見えました！？❤️‍🔥 #エーテルゲイザー #エテゲザ
Sat Dec 14 03:48:51 +0000 2024,hinata__ba,姫嶋トモリさんのクリスマス着せ替え🎄🎅🏻 ヘッドドレスに三つ編み、可愛い、、❤️💙 #みんはや
Sun Dec 15 12:15:13 +0000 2024,hinata__ba,ご来場ありがとうございました❣️ たくさんお話しさせていただきました☺️  とにかく早く皆さんにお届けしたい...！ 改めて来年1月の放送をお楽しみに✨  ピーピ役 立花日菜 💜 #ユーベルブラット
Sat Oct 26 17:33:02 +0000 2024,hinata__ba,第4話ご視聴ありがとうございました！ 見事ヒュドラにリベンジ❗️だけど...❓ マルグルス...サーベリア...、ばいばい...👋🏻 シークの正体はジークさんだった⁉️ 来週もよろしくお願いいたします🙇🏻‍♀️ #その治癒師
Wed Nov 06 13:11:42 +0000 2024,hinata__ba,店舗さんの方にご挨拶行かせていただきました🩵それぞれサインやコメント書いてきたのでぜひ見つけてみてくださいね💨💨改めて、2nd本日発売でした❕たくさん聴いてください❕
Fri Nov 15 15:00:31 +0000 2024,hinata__ba,『Übel Blatt～ユーベルブラット～』の エンディング主題歌を担当させたいただきます❕ キャストとしてもアーティストとしても この大切な作品を愛していけたらと思います。 放送を楽しみにしていただけると嬉しいです！ #ユーベルブラット
Sat Nov 16 12:01:56 +0000 2024,hinata__ba,今月の #もこげー は11月18日20時❣️🎮 ずっとやってみたかったどら焼き屋さん！ やったー！楽しみだー！🐈 後半はみんなと遊ぶよ〜〜💨💨 よろしく願いいたします🫶🏻
Mon Nov 11 08:08:43 +0000 2024,hinata__ba,ウインクちてる〜！！かわち〜（ ;  ; ） #ウマ娘
Tue Nov 19 07:26:58 +0000 2024,hinata__ba,「ネコたん！弐」初回公演は本日より㊗️✨ 立花は明日出演予定でございます💨 そして会場で購入できるグッズに 前回の出演回のエムカードなるものが⁉️ どちらもよろしくお願いいたします🙇🏻‍♀️ #ネコたん
Sun Dec 22 14:07:30 +0000 2024,hinata__ba,SEASIDE Christmas Festival 2024 White Stage☃️🤍昼の部☀️夜の部🌕 ご来場ご視聴ありがとうございました💭 ほんとに！しあわせ！楽しかった！ 初めましての方とも仲良くなれるのが シーサイドイベントのいいところです🎶 ひまなっつ今月放送25日もよろしくね🌻 #シーサイドクリスマス
Sun Oct 13 10:57:41 +0000 2024,hinata__ba,#縁かうんと 特番だァ〜〜〜〜‼️
Sat Oct 19 17:00:40 +0000 2024,hinata__ba,はじまりましたー！ #その治癒師
Mon Dec 23 11:45:27 +0000 2024,hinata__ba,本日この後21時より生配信です💨💨 #デレラジ
Thu Oct 31 03:49:09 +0000 2024,hinata__ba,昨夜はご視聴ありがとうございました❣️ ゲームどっちも楽しかったねえ✨ リニューアルした #もこげー も よろしくお願いいたします🎮🧸🙇🏻‍♀️ イベントアーカイブ、イベントグッズ、 まだ購入できますのでそちらもよろしく❣️
Sun Dec 15 02:51:23 +0000 2024,hinata__ba,本日は #アイマスエキスポ day②✌🏻 凪さんは今日もシンデレラガールズとして LIVE SHOWCASEに出演いたします🌟 ちぐはぐな双子をよろしくお願いします🙇🏻‍♀️ #アイマスEXPO_ライブ_DAY2  #アイマス20周年イヤー
Sat Oct 26 08:41:42 +0000 2024,hinata__ba,「悠き空想の箱庭」イベントPVが公開されました🌟 万事、よろしくです🍂✨ #エーテルゲイザー #エテゲザ
Sat Nov 30 14:02:37 +0000 2024,hinata__ba,本日第9話放送です🌟 #その治癒師  いつもより30分遅い放送なのでご注意ください❕
Wed Jan 08 04:05:25 +0000 2025,hinata__ba,#アイドルの養育費 🤍💸👀 リリースされました💨💨💨☀️ たくさん聞いてください！ばぶー！👼🏻
Sat Nov 16 07:24:07 +0000 2024,hinata__ba,本日26時より第7話放送です❤️‍🔥 よろしくお願いいたします🙇🏻‍♀️ #その治癒師
Mon Oct 21 08:43:36 +0000 2024,hinata__ba,セブンの群馬玉こんにゃく絶対食べたくてのぼり？広告？に釣られてお店入るけど1回もまだ出会えてない😡😡😡玉こんなんて春夏秋冬食べたいんだけど💢💢💢どこ！？！？
Wed Nov 27 08:54:41 +0000 2024,hinata__ba,「Seaside Valentine Festival 2025」day① 昼夜両部出演いたします❣️🍫🍫🍫 甘めらしいです！甘め、、とは？？？
Sat Oct 26 09:13:22 +0000 2024,hinata__ba,リニューアル後初の #もこげー は 10月30日20時より生放送です🧸🎮 「スーパーボンバーマンR2」で遊んで、 「PIKO PARK」をみんなと遊ぶよ🌟 今月もよろしくお願いいたします💨
Sat Dec 07 14:27:40 +0000 2024,hinata__ba,2ndリリイベ初日名古屋編❤️‍🔥 無事終了いたしました〜〜〜☺️ みんないつも本当にありがとう！ 明日は大阪でお渡しです！よろしくね🌷
Sat Dec 14 17:01:06 +0000 2024,hinata__ba,はじまりました！ #その治癒師
Tue Nov 26 10:02:29 +0000 2024,hinata__ba,#Room612 グッズ紹介〜〜💨💨 今日は缶バッチとブロマイド📸 過去のオフショットや撮り下ろしのサンタも❤️ 缶バッチはいろんな人のこだわりが詰まった力作です‼️ 実際に手に取っていただけるのを楽しみにしています☺️
Sat Oct 26 17:01:39 +0000 2024,hinata__ba,はじまりました！ #その治癒師
Wed Dec 11 12:08:10 +0000 2024,hinata__ba,『ドリーム・オン・クリスマス2024』🎄 デネブたちのクリスマス大冒険🦌💨 イベントはもちろん、バイノーラルの 収録もさせて頂きました🌟🌟🌟 デネブとのクリスマス楽しんでくださいね 🎅🏻❤️  「こっちで待ってるよ！」  #白猫プロジェクト
Thu Jan 09 03:31:36 +0000 2025,hinata__ba,「Übel Blatt～ユーベルブラット～」 放送直前生放送❕本日20時です💭 ピーピ役で出演させていただきます☺️ #ユーベルブラット #UbelBlatt
Thu Nov 28 13:06:42 +0000 2024,hinata__ba,"今回はTシャツとパーカー❣️#Room612  グレーって言ったけどネイビーですね！ ネイビー×ピンクこだわりポイントです💨 TシャツはL,XL！パーカーはワンサイズ！ どちらも使いやすいデザインだと思います🌟"
Thu Oct 24 14:10:05 +0000 2024,hinata__ba,📢お知らせ📢 モディファイヤ「アイビス・テウト」 演じさせていただきました🌟🍂 紹介PVもぜひご覧ください！🖋️ #エーテルゲイザー #エテゲザ
Wed Dec 18 06:15:08 +0000 2024,hinata__ba,#大悪魔エリス降誕祝祭 😈🥀❤️ 今年もおめでとう💭
Sat Nov 09 13:54:21 +0000 2024,hinata__ba,「キスマイ宮⽥のニコ⽣やったってitʼs Alright!」 ゲスト出演させていただきます💭 #その治癒師 #宮田ニキ生
Tue Dec 31 17:35:31 +0000 2024,hinata__ba,あけおめでございます㊗️💭 改めてこれからもよろしくお願いします🐍 https://t.co/FINO1HFNlZ
Sun Dec 01 01:07:28 +0000 2024,hinata__ba,2nd singleヒット祈願企画❤️‍🔥 ぜひご視聴ください✨
Tue Dec 31 07:31:03 +0000 2024,hinata__ba,インドア系なら❔トラックメイカー💭 #idolmaster #imas_cg
Sat Oct 12 17:33:11 +0000 2024,hinata__ba,ご視聴ありがとうございました‼️ アーミア初登場でした...！✨ 稲妻の剣...大丈夫かなあ...？？？ 来週もよろしくお願いします🙇🏻‍♀️ #その治癒師
Fri Dec 06 05:53:55 +0000 2024,hinata__ba,夜の部はあまみが来てくれました💨 当日あまみもイベントあったのにありがとうねええ いっぱい褒めてくれてうれちい。。
Wed Oct 30 05:43:40 +0000 2024,hinata__ba,2nd発売記念フリーライブ💨💨💨 もう5日後⁉️早い‼️ ご予定合うかたはよろしくお願いします❤️‍🔥
Sat Dec 14 03:54:06 +0000 2024,hinata__ba,本日は東京でのお渡し会です🌷 リリイベ3日目！よろしくお願いします💨
Wed Nov 06 13:34:32 +0000 2024,hinata__ba,プロジェクト発表会にくりりん役で出演させていただきておりました🎨🎶 ぜひアーカイブもチェックしてみてください✅
Tue Oct 15 08:51:43 +0000 2024,hinata__ba,「#ネコたん！弍 ～猫町怪異奇譚～」  前回に引き続き財部梨杏役で出演いたします🩷🐈 りあんさまにまた会える！嬉しい！ 立花は11月20日17時開演のソワレに出演いたします💨 何卒よろしくお願いいたします🙇🏻‍♀️❣️
Sat Dec 28 11:27:46 +0000 2024,hinata__ba,本日2ndリリイベ最終日でした💨💨 そしてリアルイベント納め🌟 来年もよろしくお願いいたします🙇🏻‍♀️
Wed Dec 25 10:52:09 +0000 2024,hinata__ba,【✨お知らせです✨】 レコメン！ラジオドラマ「相性1%の恋」にて 「小鳥遊陽葵」を演じさせていただきました💭 文化放送「 #レコメン！」内で放送されます☺️ 放送をお楽しみに❣️ #イチ恋
Tue Nov 12 06:02:52 +0000 2024,hinata__ba,今月の放送は明後日14日の21時からです💭 いつもと違うかんじなので注意してね！☺️ 安心してください、内容はいつもクオリティです（たぶん） #ひまなっつ
Sat Nov 23 17:33:56 +0000 2024,hinata__ba,ご視聴ありがとうございました❕ いろいろなことが明かされてきました... 来週もよろしくお願いします🙇🏻‍♀️ #その治癒師
Sat Oct 26 09:16:44 +0000 2024,hinata__ba,本日深夜26時から第４話放送です！⚔️ #その治癒師
Sat Nov 09 13:48:29 +0000 2024,hinata__ba,本日26時より第6話放送です💨 #その治癒師
Sun Dec 01 01:11:11 +0000 2024,hinata__ba,リハーサルの時のわたしだ！！！！！ 本日はわたしの1stイベントです❣️🏠 会場でお会いしましょう〜〜🌟 #Room612
Fri Nov 01 12:03:15 +0000 2024,hinata__ba,気だるげで眠たげだけど腕は一級品...❣️ 「チルタイム」発売をお楽しみに♪
Thu Nov 21 07:06:12 +0000 2024,hinata__ba,#好きなのバレバレ MVが公開されました💨 ここからふたりの物語がはじまっていくんだね... 気になるところたくさんありましたが❕ 続きのお話が気になります🌟🌟🌟 ぜひたくさんチェックしてくださいね✅
Tue Oct 22 13:28:26 +0000 2024,hinata__ba,#ひまなっつ プライベート風女子会🌷 #️⃣⑤が更新されてます🌟 よろしくお願いいたします〜〜！
Sat Nov 16 07:21:28 +0000 2024,hinata__ba,本日から〜❣️たくさん歌ってください💭
Tue Oct 15 08:45:12 +0000 2024,hinata__ba,アーミアちゃんは気弱な魔法使いの少女🪄 #その治癒師
Fri Nov 22 09:04:45 +0000 2024,hinata__ba,本日こちら出演させていただきます❣️ 21時より生放送よろしくお願いします💨 #その治癒師 #宮田ニキ生
